번호,title,company,deadline,작성일,조회수,상세정보_URL,description,지원자격,근무조건,지원하기
49.0,[중고나라] ES 기반 검색 개발자,(주)중고나라 기업부설연구소,2025-04-30,2025-01-06,3394.0,https://work.mma.go.kr/caisBYIS/search/cygonggogeomsaekView.do?menu_id=&searchCondition=&searchKeyword=&pageUnit=10&pageIndex=5&cygonggo_no=2000000858492&jbc_cd=&byjjeopche_cd=220240218&eopjong_gbcd=2&gegyumo_cd=&eopche_nm=&sido_addr=&sigungu_addr=&jeonjik_yn=&yeokjong_brcd=&cyjemok_nm=&eopjong_gbcd_list=,"[담당업무]
ES 활용한 검색 서비스를 설계/개발해요. 대규모 데이터 처리 및 검색 엔진 최적화를 담당해요.

[자격요건]
신입

[기타사항]
■ 입사 후 맡게 될 주요 업무에요.
• ElasticSearch를 활용한 검색 서비스를 설계 및 개발해요
• 대규모 데이터 처리 및 검색 엔진 최적화 (Query Tuning, Index Optimization 등) 를 담당해요.
• Java 기반 백엔드 시스템 개발 및 유지보수를 담당해요.
• 검색 관련 API를 설계 및 구현해요.
• 데이터 파이프라인을 설계 및 관리해요. (ETL 포함)
• 검색 품질 향상을 위한 분석 및 개선을 담당해요.

■ 이런 분과 함께하고 싶어요.
• Java 개발 경력이 최소 1년 이상 필요해요.
• ElasticSearch를 활용한 프로젝트 경험이 필요해요.
• RESTful API 설계 및 구현 경험이 필요해요.
• SQL 및 NoSQL 데이터베이스 활용 능력이 필요해요.
• Git을 이용한 협업 및 버전 관리 경험이 필요해요.
• 검색 알고리즘 및 성능 최적화에 대한 이해가 필요해요.

* 본 채용은 전문연구요원 포지션입니다.
- 자연계/이공계 석사학위 이상 소지자 또는 학위 취득 예정자로서 전문연구요원 신규편입 대상자
- 현역 입영 대상자로, 35세까지 의무복무를 마칠 수 있는 분
- 대한민국 병역법에 의거하여 병역의 의무가 없는 여성 및 외국인은 지원이 불가합니다.

■ 이런 경험이 있다면 더 좋아요.
• 대규모 트래픽 환경에서 ElasticSearch를 운영한 경험이 있으면 좋아요.
• Kibana, Logstash 등 Elastic Stack 활용한 경험이 있으면 좋아요.
• AWS, GCP, Azure와 같은 클라우드 환경에서의 개발 경험이 있으면 좋아요.
• Python, Scala 등의 추가 프로그래밍 언어 경험이 있으면 좋아요.
• 데이터 분석 및 머신러닝에 대한 이해가 있으면 좋아요.
• 문제 해결을 위한 분석적 사고와 커뮤니케이션 능력이 있으면 좋아요.

[다른 사이트의 상세 정보]
[담당업무]
['[우리 팀은 이런 일을 하고 있어요]Elastic Search 와 Java 를 기반으로 고성능 검색 시스템을 구축하며, 검색 품질 향상과 사용자 경험 최적화를 목표로 합니다.대규모 데이터 처리, 검색 로직 설계, 최신 기술 도입에 집중하며, 자율과 협업을 중시하는 성장 지향적인 팀이에요.기술적 도전과 혁신으로 사용자 가치를 극대화하는 검색 서비스를 만들고 있어요.[입사 후 맡게 될 주요 업무에요]* Elastic Search 를 활용한 검색 서비스를 설계 및 개발해요.* 대규모 데이터 처리 및 검색 엔진 최적화(Query Tuning, Index Optimization 등)를 담당해요.* Java 기반 백엔드 시스템 개발 및 유지보수를 담당해요.* 검색 관련 API 를 설계 및 구현해요.* 데이터 파이프라인을 설계 및 관리해요. (ETL 포함)* 검색 품질 향상을 위한 분석 및 개선을 담당해요.']

[자격요건]
['[이런 분과 함께하고 싶어요]* Java 개발 경력이 최소 1년 필요해요.* Elastic Search 를 활용한 프로젝트 경험이 필요해요.* RESTful API 설계 및 구현 경험이 필요해요.* SQL 및 NoSQL 데이터베이스 활용 능력이 필요해요.* Git을 이용한 협업 및 버전 관리 경험이 필요해요.* 검색 알고리즘 및 성능 최적화에 대한 이해가 필요해요.* 본 채용은 전문연구요원 포지션 입니다.- 자연계/이공계 석사학위 이상 소지자 또는 학위 취득 예정자로서 전문연구요원 신규편입 대상자- 현역 입영 대상자로, 35세까지 의무 복무를 마칠 수 있는 분- 대한민국 병역법에 의거하여 병역의 의무가 없는 여성 및 외국인은 지원이 불가합니다.']

[우대사항]
['[이런 경험이 있다면 더 좋아요]* 대규모 트래픽 환경에서 Elastic Search 를 운영한 경험이 있으면 좋아요.* Kibana, Logstash 등 Elastic Stack 활용 경험이 있으면 좋아요.* AWS, GCP, Azure 와 같은 클라우드 환경에서의 개발 경험이 있으면 좋아요.* Python, Scala 등의 추가 프로그래밍 언어 경험이 있으면 좋아요.* 데이터 분석 및 머신러닝에 대한 이해가 있으면 좋아요.* 문제 해결을 위한 분석적 사고와 커뮤니케이션 능력이 있으면 좋아요.']

[기타사항]
['[지원하시기 전에 확인해주세요]* 지원자의 이력 및 경력사항에 따라 일부 과정이 생략되거나 추가될 수 있어요.* 이력서는 자유 양식(PDF) 이며, 후보자님의 문제 해결 역량을 잘 보여주실 수 있는 경험을 위주로 작성해주세요.* 서류 합격자에 한해 카카오톡/이메일을 통하여 결과를 안내드려요.* 역량 검사는 서류 합격자에 한하여 온라인으로 진행돼요.* 직무 인터뷰는 경영진 또는 현업 담당자와 직무 및 조직 적합성 등 종합적인 인터뷰를 진행해요.* 입사 후 3개월 수습기간이 진행되며, 급여는 100% 지급돼요.* 입사서류에 허위 기재, 부정한 채용 청탁 등의 사실이 밝혀질 경우 입사가 취소될 수 있어요.']",,,
56.0,(경기 성남시) 전문연구요원_소음/진동 엔지니어(측정/해석) 채용,(주)브이엠브이테크 기술연구소,2025-04-30,2025-03-24,999.0,https://work.mma.go.kr/caisBYIS/search/cygonggogeomsaekView.do?menu_id=&searchCondition=&searchKeyword=&pageUnit=10&pageIndex=6&cygonggo_no=2000000975689&jbc_cd=&byjjeopche_cd=220180447&eopjong_gbcd=2&gegyumo_cd=&eopche_nm=&sido_addr=&sigungu_addr=&jeonjik_yn=&yeokjong_brcd=&cyjemok_nm=&eopjong_gbcd_list=,"[담당업무]
우주/항공/방산/기계 분야의 소음/진동 연구 개발

[자격요건]
신입/경력

[기타사항]
안녕하세요.
브이엠브이테크는 2013년 10월 1일에 설립된 전문 과학 및 기술 서비스, 연구개발 전문 기업으로서
항공우주, 국방, 구조물에 대한 소음, 진동 기술용역 업무를 주로 수행하고 있습니다.

소음/진동 분야 Test & CAE 전문연구요원을 채용 합니다.
고용형태 : 계약직 (병역 복무 기간 만료 시까지 근무 후 정규직 전환 검토)

(주요업무)
신규 기술 연구 및 개발
기술적 문제 해결 방안 제시
프로젝트 일정 관리 및 조정
품질 보증 및 검토 업무

(우대사항)
기계/자동차/조선/우주/항공공학 전공
건축기사 자격증 보유자
소음진동기술사, 소음진동기사 자격증 보유자

많은 관심과 지원 부탁 드립니다.
감사합니다.

[다른 사이트의 상세 정보]
[담당업무]
['안녕하세요.브이엠브이테크는 2013년 10월 1일에 설립된 전문 과학 및 기술 서비스, 연구개발 전문 기업으로서항공우주, 국방, 구조물에 대한 소음, 진동 기술용역 업무를 주로 수행하고 있습니다.함께 근무 할 소음/진동 분야 Test & CAE 전문연구요원(병역특례)을 채용 합니다.(주요업무)신규 기술 연구 및 개발기술적 문제 해결 방안 제시프로젝트 일정 관리 및 조정품질 보증 및 검토 업무']

[자격요건]
['']

[우대사항]
['기계/자동차/조선/우주/항공공학 전공건축기사 자격증 보유자소음진동기술사, 소음진동기사 자격증 보유자']

[기타사항]
['고용형태 : 계약직 (병역 복무 기간 만료 시까지 근무 후 정규직 전환 검토)']",,,
1.0,[디노티시아] 전문연구요원 채용,(주)디노티시아 기업부설연구소,2025-05-31,2025-04-09,714.0,https://work.mma.go.kr/caisBYIS/search/cygonggogeomsaekView.do?menu_id=&searchCondition=&searchKeyword=&pageUnit=10&pageIndex=1&cygonggo_no=2000000997291&jbc_cd=&byjjeopche_cd=220250020&eopjong_gbcd=2&gegyumo_cd=&eopche_nm=&sido_addr=&sigungu_addr=&jeonjik_yn=&yeokjong_brcd=&cyjemok_nm=&eopjong_gbcd_list=,"[담당업무]
SoC Design / RTL Design / DV / Machine Learning / DevOps Engineer / Database Software 등

[자격요건]
신입/경력",,,
2.0,(주)메리테크 R&D센터 기구설계 전문연구요원(병역특례) 인력 채용,(주)메리테크 부설연구소,2025-06-17,2025-04-21,65.0,https://work.mma.go.kr/caisBYIS/search/cygonggogeomsaekView.do?menu_id=&searchCondition=&searchKeyword=&pageUnit=10&pageIndex=1&cygonggo_no=2000001014091&jbc_cd=&byjjeopche_cd=220250056&eopjong_gbcd=2&gegyumo_cd=&eopche_nm=&sido_addr=&sigungu_addr=&jeonjik_yn=&yeokjong_brcd=&cyjemok_nm=&eopjong_gbcd_list=,"[담당업무]
기구설계 및 열, 유체 Simulation software 사용한 최적의 기구설계 및 REPORT 작성 등

[자격요건]
신입/경력

[기타사항]
[담당업무]
- 기구설계 및 열, 유체 Simulation software 사용한 최적의 기구설계 및 REPORT 작성 등
- 개발 이후 양산설비를 위한 follow-up

[자격요건]
1) 채용 연령 : 연령무관
2) 채용 학력 : 석사졸업이상(졸업 예정자 가능)
3) 채용 전공 : 기계공학 분야 중 기구설계 전공과목 이수자
4) 채용 경력 : 병역특례 전문(석사) 연구요원 채용(신입/경력)
5) 채용 자격 요건 :
- 기계공학 분야 기구설계 전공자

[채용 우대조건]
- 석사 학위 과정 중 산학협력 프로젝트 경력자
- 3D CAD(Solidworks)사용 가능자(CSWP 또는 CSWE 자격증 보유자)
- 학부 과정 중 전공과목 중 열, 유체 분야 최소 2과목 이상 이수한 자
- 열, 유체분야 Simulation 소프트웨어를 이용하여 논문 작성 유 경험자",,,
3.0,기술연구소 전문연구요원 채용,(주)호진플라텍부설 기술연구소,2025-06-12,2024-02-01,17498.0,https://work.mma.go.kr/caisBYIS/search/cygonggogeomsaekView.do?menu_id=&searchCondition=&searchKeyword=&pageUnit=10&pageIndex=1&cygonggo_no=2000000312094&jbc_cd=&byjjeopche_cd=220230008&eopjong_gbcd=2&gegyumo_cd=&eopche_nm=&sido_addr=&sigungu_addr=&jeonjik_yn=&yeokjong_brcd=&cyjemok_nm=&eopjong_gbcd_list=,"[담당업무]
연구개발

[자격요건]
신입/경력

[기타사항]
1. 당사 수습기간은 없습니다. 대신, 기간제근로계약 3개월 근무 후 재계약합니다. 임금에 차이는 없습니다.
2. 박사 학력은 그에 맞는 연봉테이블로 맞춰드립니다.",,,
4.0,"[경기 안양] 기업부설연구소 전문연구요원 모집(현역, 보충역)",(주)옵티멀이노베이션 기업부설연구소,2025-06-17,2025-04-18,251.0,https://work.mma.go.kr/caisBYIS/search/cygonggogeomsaekView.do?menu_id=&searchCondition=&searchKeyword=&pageUnit=10&pageIndex=1&cygonggo_no=2000001011294&jbc_cd=&byjjeopche_cd=220250087&eopjong_gbcd=2&gegyumo_cd=&eopche_nm=&sido_addr=&sigungu_addr=&jeonjik_yn=&yeokjong_brcd=&cyjemok_nm=&eopjong_gbcd_list=,"[담당업무]
국가연구개발과제 또는 기업부설연구소 자체 연구개발과제 수행

[자격요건]
신입/경력

[기타사항]
안녕하세요,
이노베이션한 세상에 없는 FUN 하고 WOW한 제품을 탄생시키는 옵티멀이노베이션입니다.

혁신에 대한 열정으로 역동적인 개발팀을 구축할 재능있는 인재를 찾고 있습니다.

이런 분을 찾습니다.
- *병역특례 전문연구요원으로 편입자격을 갖추신 분(공학계열 석사 이상)
- 함께 성장하여 최고에 도전하실 분
- 새로운 제품을 세상에 탄생시키고 싶으신 분
- 전기, 전자, 제어 등 관련분야 전공 또는 지식을 보유하신 분
- 최신 기술 및 동향에 대한 관심과 지속적인 학습 열정을 가지신 분

이런 분이면 더 좋습니다.
- 제품개발 및 프로젝트에 대한 경험을 보유하신 분
- 회로설계 및 펌웨어 개발 경험이 있으신 분
- PCB 설계 및 검증 경험이 있으신 분
- 제품 성능 평가, 인증 및 테스트 경험이 있으신 분
- 국가연구과제 수행 경험이 있으신 분

함께하면 받는 혜택 및 복지
- 4대 보험
- 주 5일 근무
- 중식 제공
- 성과급 지급
- 청년 내일채움공제 운영
- 직무보상발명제도 운영
- 명절연휴 전날 특별휴가
- 개발자 커뮤니티 참여 및 교육 지원
- 창의적인 자유로운 업무 환경 제공
- 수평적인 사내문화

현실에 안주하지 않으며 긍정적 마인드로 끊임없이 변화와 혁신을 추구하며
일에대한 열정과 자신감으로 가치를 창출하고
실패를 두려워하지 않고 꿈과 열정을 가지고 함께 도전하실 분!!!

준비가 되었다면 지금바로 지원해 주세요.",,,
5.0,[매드업] 백엔드 개발자 전문연구요원 채용 (신입/경력) (~4/25),(주)매드업 기업부설연구소,2025-04-25,2025-04-17,337.0,https://work.mma.go.kr/caisBYIS/search/cygonggogeomsaekView.do?menu_id=&searchCondition=&searchKeyword=&pageUnit=10&pageIndex=1&cygonggo_no=2000001010090&jbc_cd=&byjjeopche_cd=220200360&eopjong_gbcd=2&gegyumo_cd=&eopche_nm=&sido_addr=&sigungu_addr=&jeonjik_yn=&yeokjong_brcd=&cyjemok_nm=&eopjong_gbcd_list=,"[담당업무]
백엔드 개발자

[자격요건]
신입/경력

[기타사항]
[매드업 테크사업부]

테크사업부는 디지털 마케팅 자동화 솔루션 레버 엑스퍼트Lever Xpert를 비롯하여 기술 기반의 디지털 마케팅 자동화 및 최적화 과정에서 필요한 프로덕트들을 개발합니다. 개발자 뿐만 아니라, 프로덕트 오너(PO), 프로덕트 디자이너(PD) 모두가 담당 프로덕트에 오너십을 가지고 긴밀하게 협업하고 있습니다.

- 레버 엑스퍼트Lever Xpert는 마케터들을 위한 SaaS 기반의 디지털 마케팅 자동화 솔루션입니다. 매체별 소재 세팅, 리포트 제작 등의 반복 업무를 자동화함으로써 마케터가 인사이트 도출 및 전략 설계에 집중할 수 있도록 합니다.
- 프리즘Prism은 데이터 드리븐 마케팅의 핵심이 되는 DMP(데이터 관리 플랫폼)입니다. 다양한 매체로부터 광고 성과 및 데이터들을 통합하여 수집하고, 적재하는 역할을 담당합니다.


[포지션 소개]

주요업무
- 레버 솔루션 개발 및 운영 (FastAPI, SQLAlchemy, Docker, Gunicorn)
- 광고 데이터 ETL
- 광고 운영 자동화 및 최적화를 위한 비동기 서비스 개발
- 구글, 페이스북, 네이버, 카카오 등 관고 매체 API 연동 개발
- Data pipeline / DL, DW, DM 구축

자격 요건
- Python 개발 경험이 있으신 분
- Python 기반 서버 개발 운영 경험 (Flaxk, Django, FastAPI)이 있으신 분
- AWS 활용 경험 및 클라우드 기술 스택에 관심이 많으신 분
- 책임감이 강하고, 주도적으로 자기 업무를 수행 하시는 분


[채용 절차]
서류 전형 > 온라인 코딩 테스트 > 1차, 2차 인터뷰 > 처우 협의 및 채용 확정

서류 지원 및 자세한 내용은 아래 홈페이지에서 확인 부탁드립니다.
> https://recruit.madup.com/5719637e-9b08-4b3b-8f7b-57d3f9ef9f51",,,
6.0,[매드업] 백엔드 개발자 전문연구요원 채용 (신입/경력) (~4/25),(주)매드업 기업부설연구소,2025-04-25,2025-04-17,260.0,https://work.mma.go.kr/caisBYIS/search/cygonggogeomsaekView.do?menu_id=&searchCondition=&searchKeyword=&pageUnit=10&pageIndex=1&cygonggo_no=2000001010089&jbc_cd=&byjjeopche_cd=220200360&eopjong_gbcd=2&gegyumo_cd=&eopche_nm=&sido_addr=&sigungu_addr=&jeonjik_yn=&yeokjong_brcd=&cyjemok_nm=&eopjong_gbcd_list=,"[담당업무]
백엔드 개발자

[자격요건]
신입/경력

[기타사항]
[매드업 테크사업부]

테크사업부는 디지털 마케팅 자동화 솔루션 레버 엑스퍼트Lever Xpert를 비롯하여 기술 기반의 디지털 마케팅 자동화 및 최적화 과정에서 필요한 프로덕트들을 개발합니다. 개발자 뿐만 아니라, 프로덕트 오너(PO), 프로덕트 디자이너(PD) 모두가 담당 프로덕트에 오너십을 가지고 긴밀하게 협업하고 있습니다.

- 레버 엑스퍼트Lever Xpert는 마케터들을 위한 SaaS 기반의 디지털 마케팅 자동화 솔루션입니다. 매체별 소재 세팅, 리포트 제작 등의 반복 업무를 자동화함으로써 마케터가 인사이트 도출 및 전략 설계에 집중할 수 있도록 합니다.
- 프리즘Prism은 데이터 드리븐 마케팅의 핵심이 되는 DMP(데이터 관리 플랫폼)입니다. 다양한 매체로부터 광고 성과 및 데이터들을 통합하여 수집하고, 적재하는 역할을 담당합니다.


[포지션 소개]

주요업무
- 레버 솔루션 개발 및 운영 (FastAPI, SQLAlchemy, Docker, Gunicorn)
- 광고 데이터 ETL
- 광고 운영 자동화 및 최적화를 위한 비동기 서비스 개발
- 구글, 페이스북, 네이버, 카카오 등 관고 매체 API 연동 개발
- Data pipeline / DL, DW, DM 구축

자격 요건
- Python 개발 경험이 있으신 분
- Python 기반 서버 개발 운영 경험 (Flaxk, Django, FastAPI)이 있으신 분
- AWS 활용 경험 및 클라우드 기술 스택에 관심이 많으신 분
- 책임감이 강하고, 주도적으로 자기 업무를 수행 하시는 분


[채용 절차]
서류 전형 > 온라인 코딩 테스트 > 1차, 2차 인터뷰 > 처우 협의 및 채용 확정

서류 지원 및 자세한 내용은 아래 홈페이지에서 확인 부탁드립니다.
> https://recruit.madup.com/5719637e-9b08-4b3b-8f7b-57d3f9ef9f51",,,
7.0,원자력시설 화재안전 연구개발분야 전문연구요원 채용,(주)피엔이기술연구소,2025-04-30,2025-03-12,2409.0,https://work.mma.go.kr/caisBYIS/search/cygonggogeomsaekView.do?menu_id=&searchCondition=&searchKeyword=&pageUnit=10&pageIndex=1&cygonggo_no=2000000959895&jbc_cd=&byjjeopche_cd=220170299&eopjong_gbcd=2&gegyumo_cd=&eopche_nm=&sido_addr=&sigungu_addr=&jeonjik_yn=&yeokjong_brcd=&cyjemok_nm=&eopjong_gbcd_list=,"[담당업무]
국가 연구개발과제 또는 기업부설연구소 자체 연구개발과제 수행

[자격요건]
신입/경력

[기타사항]
- 원자력시설 계통분석/안전성평가 유경험자 우대
- 전기회로분석 유경험자 우대
- 화재안전성 평가를 위한 화재모델링 분석 유경험자 우대
* 전공조건 : 공학계열 (기계/원자력/전기공학 우대)
* 외국어능력 : 영문 기술자료 독해력 필수, 영어회화 가능자 우대
* 학력 : 석사학위 소지 필수, 박사학위 소지자 우대
* 자격 : 전공계열 기사 또는 기술사 자격 소지자 우대",,,
8.0,[전문연구요원] 시스템 소프트웨어 개발자 채용,(주)인텔렉투스 기업부설연구소,2025-04-30,2025-03-19,1114.0,https://work.mma.go.kr/caisBYIS/search/cygonggogeomsaekView.do?menu_id=&searchCondition=&searchKeyword=&pageUnit=10&pageIndex=1&cygonggo_no=2000000969494&jbc_cd=&byjjeopche_cd=220250118&eopjong_gbcd=2&gegyumo_cd=&eopche_nm=&sido_addr=&sigungu_addr=&jeonjik_yn=&yeokjong_brcd=&cyjemok_nm=&eopjong_gbcd_list=,"[담당업무]
차량 컴퓨팅 플랫폼 기반 미들웨어 플랫폼 개발, 임베디드 리눅스 및 ROS 기반 시스템 설계 및 개발 등

[자격요건]
신입/경력

[기타사항]
■ 담당업무
- 차량 컴퓨팅 플랫폼 기반 미들웨어 플랫폼 개발
- 임베디드 리눅스 및 ROS 기반 시스템 설계 및 개발
- DDS 기반 메시징 처리 기술 개발
- 스트림 데이터 병렬처리 기술 개발

■ 자격사항
- 숙련된 Linux 시스템 관리자 기술
- 중급 프로그래밍/스크럽팅 기술 (C/C++, Python, Rust 등)
- 네트워크 원리에 대한 이해 및 문제 해결 능력 (DNS, TCP/IP, HTTP)
- 데이터 구조 및 알고리즘의 기본적인 이해
- 임베디드 시스템 기반 플랫폼 개발 경험
- Yocto 활용 경험

■ 우대사항
- 관련 실무 경력 또는 학위 소지자
- Adaptive AUTOSAR 관련 경험
- ROS2 기반 개발 경험
- 임베디드 리눅스 포팅 및 개발 환경 구축 경험

* 참고사항:
6월 2일부터 신규 사무실(서울시 강남구 대치동 950-1, 송석빌딩 8층)에서 근무 예정입니다.
서류지원 시 참고 부탁드립니다.",,,
9.0,[전문연구요원] 임베디드 시스템 개발자 채용,(주)인텔렉투스 기업부설연구소,2025-04-30,2025-03-19,1134.0,https://work.mma.go.kr/caisBYIS/search/cygonggogeomsaekView.do?menu_id=&searchCondition=&searchKeyword=&pageUnit=10&pageIndex=1&cygonggo_no=2000000969496&jbc_cd=&byjjeopche_cd=220250118&eopjong_gbcd=2&gegyumo_cd=&eopche_nm=&sido_addr=&sigungu_addr=&jeonjik_yn=&yeokjong_brcd=&cyjemok_nm=&eopjong_gbcd_list=,"[담당업무]
임베디드 펌웨어 개발 및 리눅스 개발 등

[자격요건]
신입/경력

[기타사항]
■ 주요업무
- 임베디드 펌웨어 개발
· STM32 펌웨어 개발 및 테스트
· 마이크로파이썬 수정 및 테스트
- 임베디드 리눅스 개발

■ 자격요건
- C, Python 사용 가능
- 임베디드 리눅스 개발 경험
- STM32 펌웨어 개발 경험

■ 우대조건
- 하드웨어 개발 경험
- 데이터시트 이해 가능
- 디바이스 트리 이해 가능
- RTOS 개발 경험

* 참고사항:
6월 2일부터 신규 사무실(서울시 강남구 대치동 950-1, 송석빌딩 8층)에서 근무 예정입니다.
서류지원 시 참고 부탁드립니다.",,,
10.0,[전문연구요원] 백엔드 개발자 채용,(주)인텔렉투스 기업부설연구소,2025-04-30,2025-03-19,1142.0,https://work.mma.go.kr/caisBYIS/search/cygonggogeomsaekView.do?menu_id=&searchCondition=&searchKeyword=&pageUnit=10&pageIndex=1&cygonggo_no=2000000969293&jbc_cd=&byjjeopche_cd=220250118&eopjong_gbcd=2&gegyumo_cd=&eopche_nm=&sido_addr=&sigungu_addr=&jeonjik_yn=&yeokjong_brcd=&cyjemok_nm=&eopjong_gbcd_list=,"[담당업무]
웹 어플리케이션 서버 설계 및 구현, 온프레미스/AWS 환경 서버 시스템 구축 등

[자격요건]
신입/경력

[기타사항]
■ 주요업무
- 웹 어플리케이션 서버(API) 설계 및 구현
- 온프레미스 / AWS(클라우드) 환경에서 서버 시스템 구축
- RDBMS 및 NoSQL 설계 및 개발
- 백엔드 개발 프레임워크를 활용(NestJS, SpringBoot 및 관련 생산성 도구 등)
- WebSocket, MQTT, AMQP를 활용한 스트리밍 서버 개발

■ 자격요건
- RESTful API에 대한 이해가 있고 활용이 가능하신 분
- 스트리밍 어플리케이션에 대한 이해와 구현이 가능하신 분
- 데이터베이스(MySql, MongoDB 등)에 대한 개발 경험이 있으신 분

■ 우대조건
- NestJS / Typescript 기반 설계 및 개발 경험
- 메시징 미들웨어 연동 경험자 MQTT broker, Apache Kafka
- Network, IT Security 관련 지식 보유자
- 데이터 분석 시스템 프로젝트(데이터 파이프라인, 데이터 카달로그, 메타데이터 관리) 설정

* 참고사항:
6월 2일부터 신규 사무실(서울시 강남구 대치동 950-1, 송석빌딩 8층)에서 근무 예정입니다.
서류지원 시 참고 부탁드립니다.",,,
11.0,[전문연구요원] 프론트엔드 개발자 채용,(주)인텔렉투스 기업부설연구소,2025-04-30,2025-03-19,1154.0,https://work.mma.go.kr/caisBYIS/search/cygonggogeomsaekView.do?menu_id=&searchCondition=&searchKeyword=&pageUnit=10&pageIndex=2&cygonggo_no=2000000969295&jbc_cd=&byjjeopche_cd=220250118&eopjong_gbcd=2&gegyumo_cd=&eopche_nm=&sido_addr=&sigungu_addr=&jeonjik_yn=&yeokjong_brcd=&cyjemok_nm=&eopjong_gbcd_list=,"[담당업무]
Next.js를 활용한 웹 애플리케이션 개발 및 배포 등

[자격요건]
신입/경력

[기타사항]
■ 주요업무
- Next.js를 활용한 웹 애플리케이션 개발
- 디자이너, 백엔드 개발자와 협업하여 제품 개발 및 배포
- API 연동 및 비동기 데이터 처리
- 웹 애플리케이션 성능 최적화 및 로딩 속도 개선
- 반응형 웹 개발 및 크로스브라우징 최적화

■ 자격요건
- HTML5, CSS3, JavaScript(ES6+)에 대한 깊은 이해
- 상태 관리 라이브러리(Redux, Recoil, Zustand 등) 사용 경험
- 비동기 프로그래밍 및 Axios, Fetch 등 데이터 통신 경험
- Git을 이용한 버전 관리 및 협업 경험

■ 우대조건
- Next.js 기반 프로젝트 설계 및 개발 경험 2년 이상
- SEO 최적화 및 성능 튜닝 경험
- AWS S3, CloudFront 등 프론트엔드 배포 경험
- CI/CD 파이프라인 구성 및 배포 자동화 경험
- SSR, SSG, ISR 등 Next.js 기능에 대한 깊은 이해

* 참고사항:
6월 2일부터 신규 사무실(서울시 강남구 대치동 950-1, 송석빌딩 8층)에서 근무 예정입니다.
서류지원 시 참고 부탁드립니다.",,,
12.0,[레모넥스]연구개발팀 제형개발 연구원 채용,(주)레모넥스 바이오세라퓨틱스 융합기술연구소,2025-05-31,2025-04-16,273.0,https://work.mma.go.kr/caisBYIS/search/cygonggogeomsaekView.do?menu_id=&searchCondition=&searchKeyword=&pageUnit=10&pageIndex=2&cygonggo_no=2000001007518&jbc_cd=&byjjeopche_cd=220240208&eopjong_gbcd=2&gegyumo_cd=&eopche_nm=&sido_addr=&sigungu_addr=&jeonjik_yn=&yeokjong_brcd=&cyjemok_nm=&eopjong_gbcd_list=,"[담당업무]
제형개발

[자격요건]
경력 (2년이상)

[기타사항]
[주요업무]
ㆍ신약(백신)의 제형 연구 및 개발
ㆍ액상제, 주사제 등의 제형 설계 및 공정 개발
ㆍ물리화학적 분석 및 안정성 평가
ㆍ제조 공정 최적화 및 기술 이전 지원
ㆍCMC (Chemistry, Manufacturing, and Controls) 문서 작성

[자격요건 및 필수사항]
ㆍ학력 : 약학, 화학공학, 제약공학 또는 관련 전공 석사 이상 학위 소지자
ㆍ전공 : 약학, 화학공학, 제약공학 등
ㆍ경력 : 유관 경력 2년 이상
ㆍ스킬 : 영어 기술 문서 작성 가능자",,,
13.0,[레모넥스]연구개발팀 비임상 효력평가 연구원 채용,(주)레모넥스 바이오세라퓨틱스 융합기술연구소,2025-05-31,2025-04-16,285.0,https://work.mma.go.kr/caisBYIS/search/cygonggogeomsaekView.do?menu_id=&searchCondition=&searchKeyword=&pageUnit=10&pageIndex=2&cygonggo_no=2000001006896&jbc_cd=&byjjeopche_cd=220240208&eopjong_gbcd=2&gegyumo_cd=&eopche_nm=&sido_addr=&sigungu_addr=&jeonjik_yn=&yeokjong_brcd=&cyjemok_nm=&eopjong_gbcd_list=,"[담당업무]
비임상 효력평가

[자격요건]
경력 (2년이상)

[기타사항]
[주요업무]
ㆍ신약 후보물질의 비임상 효력평가 수행
ㆍ세포 및 동물 실험을 통한 약물 효능 분석
ㆍ연구 결과 분석 및 보고서 작성
ㆍ외부 연구기관 및 CRO와 협업 진행

[자격요건 및 필수사항]
ㆍ학력 : 약학, 생명과학, 수의학, 생명공학 또는 관련 전공 석사 이상 학위 소지자
ㆍ전공 : 약학, 생명과학, 수의학, 생명공학 등
ㆍ경력 : 유관 경력 2년 이상
ㆍ스킬 : in vitro/in vivo 실험 수행 및 분석 경험 필수, 영어 기술 문서 작성 가능자",,,
14.0,[서울/당산][RF연구개발]전문연구요원 모집(병역특례),(주)온품 기업부설연구소,2025-06-06,2025-03-05,1856.0,https://work.mma.go.kr/caisBYIS/search/cygonggogeomsaekView.do?menu_id=&searchCondition=&searchKeyword=&pageUnit=10&pageIndex=2&cygonggo_no=2000000950090&jbc_cd=&byjjeopche_cd=220250011&eopjong_gbcd=2&gegyumo_cd=&eopche_nm=&sido_addr=&sigungu_addr=&jeonjik_yn=&yeokjong_brcd=&cyjemok_nm=&eopjong_gbcd_list=,"[담당업무]
RF회로설계 및 PCB설계, 계측기를 이용한 튜닝 및 시험, 시뮬레이션 툴을 이용한 분석, 산출물 및 보고서 작성 등

[자격요건]
신입/경력

[기타사항]
주식회사 온품 기업부설연구소에서 「전문연구요원」을 모집합니다 (0명)

[지원자격] =============
• 전파, 전자 및 통신학과 관련 전공자
• RF설계에 관심이 있고 전문가로 성장하기를 희망하는 지원자
• 학력
(현역) 관련 전공 석사 이상 취득자
(사회복무요원소집대상인 보충역) 관련 전공 학사 이상 취득자


[담당업무] =============
• 계측기를 이용한 튜닝 및 시험
• 시뮬레이션 툴을 이용한 분석
• 산출물 및 보고서 작성 외
• (석사 이상) RF회로 설계


[우대사항] == 필수사항아님 ==
• 무선설비, 정보통신 관련 자격증 소지자
• 주파수 변환부 및 합성부 설계 경험자
• RF회로 설계(OrCAD), PCB(PADS) Artwork 가능자
• 주파수 생성부, 하향/상향 변환부 설계 경험자

※ 채용 완료 시 해당 공고는 종료됩니다.",,,
15.0,[서울/당산][디지털신호처리개발]전문연구요원 모집(병역특례),(주)온품 기업부설연구소,2025-06-06,2025-03-05,1793.0,https://work.mma.go.kr/caisBYIS/search/cygonggogeomsaekView.do?menu_id=&searchCondition=&searchKeyword=&pageUnit=10&pageIndex=2&cygonggo_no=2000000950089&jbc_cd=&byjjeopche_cd=220250011&eopjong_gbcd=2&gegyumo_cd=&eopche_nm=&sido_addr=&sigungu_addr=&jeonjik_yn=&yeokjong_brcd=&cyjemok_nm=&eopjong_gbcd_list=,"[담당업무]
디지털신호처리 보드 HW, FW개발 등

[자격요건]
신입/경력

[기타사항]
주식회사 온품 기업부설연구소에서 「전문연구요원」을 모집합니다

[지원자격] =============
• 전자, 정보통신, 전산 관련 전공자
• 임베디드 시스템, IT분야 관심 많고 개발자를 목표로 하는 지원자, S/W Coding 경험자
• 학력
(현역) 관련 전공 석사 이상 취득자
(사회복무요원소집대상인 보충역) 관련 전공 학사 이상 취득자


[담당업무] =============
• 디지털신호처리 보드 HW, FW개발
• MCU, SoC F/W, 미들웨어 코딩
• 사용 프로그래밍 언어 C or C++ or Matlab or Python or VHDL or Verilog
• (석사 이상) 디지털/프로세서보드 회로설계
• (석사 이상) VHDL 또는 Verilog 사용한 FPGA 로직 설계
• (석사 이상) Matlab을 이용한 시뮬레이션 및 알고리즘 설계


[우대사항] == 필수사항아님 ==
• 디지털 하드웨어(프로세서, FPGA, SoC) 설계 가능자
• Xilinx FPGA, SoC 사용 경험자
• 디지털 신호처리에 대한 지식 보유자

※ 채용 완료 시 해당 공고는 종료됩니다.",,,
16.0,[서울/당산][SW개발]전문연구요원 모집(병역특례),(주)온품 기업부설연구소,2025-06-06,2025-04-02,889.0,https://work.mma.go.kr/caisBYIS/search/cygonggogeomsaekView.do?menu_id=&searchCondition=&searchKeyword=&pageUnit=10&pageIndex=2&cygonggo_no=2000000988490&jbc_cd=&byjjeopche_cd=220250011&eopjong_gbcd=2&gegyumo_cd=&eopche_nm=&sido_addr=&sigungu_addr=&jeonjik_yn=&yeokjong_brcd=&cyjemok_nm=&eopjong_gbcd_list=,"[담당업무]
전파 신호패턴분석 AI 알고리즘 모델 개발, 인공지능 소프트웨어 개발 등

[자격요건]
신입/경력

[기타사항]
주식회사 온품 기업부설연구소에서 「전문연구요원」을 모집합니다 (0명)

[지원자격] =============
• Ai 개발 관련학과 전공자(석사 이상)
• 학력
(현역) Ai 개발 관련 전공 석사학위 이상 취득자

• 공공기관, 군기관 등 관련 업무에 결격 사유가 없는 사람
• 업무상 신원조회시 결격 사유가 없는 사람
• 성실함과 긍정적 사고를 지닌 사람
• 동료들과 소통하며 함께 성장해 가는 사람
• 정보통신에 대한 기초지식과 자기역량 향상을 위한 의지가 있는 사람


[담당업무] =============
• 전파 신호패턴분석 Ai 알고리즘 모델 개발
• Python을 이용한 인공지능 소프트웨어 개발
• NoSQL등의 비정형 DBMS 데이터 연동 Ai 소프트웨어 개발


[우대사항] == 필수사항아님 ==
• 대용량 RAW 데이터 AI 모델 개발 경험자(2년이상)
• Ai 라이브러리 개발 경험(Tensorflow, Scikit-learn, Numpy, YOLO 등)
• 유사 업무분야(전파, 계측장비, 아날로그 신호/음성 분석, 전자전장비) 경험자

※ 채용 완료 시 해당 공고는 종료됩니다.",,,
17.0,[전문연구요원] AI SW Engineer,(주)노타 기업부설연구소,2025-05-31,2025-04-15,314.0,https://work.mma.go.kr/caisBYIS/search/cygonggogeomsaekView.do?menu_id=&searchCondition=&searchKeyword=&pageUnit=10&pageIndex=2&cygonggo_no=2000001006494&jbc_cd=&byjjeopche_cd=220200165&eopjong_gbcd=2&gegyumo_cd=&eopche_nm=&sido_addr=&sigungu_addr=&jeonjik_yn=&yeokjong_brcd=&cyjemok_nm=&eopjong_gbcd_list=,"[담당업무]
연구개발

[자격요건]
신입/경력

[기타사항]
안녕하세요, 주식회사 노타입니다.
병역일터를 통해 이력서를 제출해 주시면, 검토 후에 연락을 드리겠습니다.

✅ 주요 업무
AI 솔루션 서비스 백엔드, 데이터베이스 설계, 개발 및 관리
AI Application 서비스 개발, 배포, 운영
AI Monitoring 대시보드 개발, 배포, 운영
사업팀, AI Engineer와 함께 고객의 요구사항 파악 및 제품 설계
개념 증명(POC)에서 시작한 아이디어를 상업적 품질의 제품으로 발전

✅ 자격요건
3년 이상의 상용 AI 솔루션 개발, 배포, 운영 경험이 있는 분
운영체제, 컴퓨터 시스템 아키텍처, 자료구조 및 알고리즘 등 CS 기초 지식이 탄탄한 분
Python, Java, JavaScript, Go 중 하나 이상의 언어에 능숙하고, 새로운 언어도 학습하여 활용할 수 있는 분
FastAPI, Flask, Django, Spring Boot 등 백엔드 프레임워크 활용 경험이 있는 분
Git을 활용한 버전 관리 및 협업 경험이 있는 분
사업팀 및 제품팀과의 창의적이고 능동적인 커뮤니케이션이 가능한 분
문제를 스스로 정의하고 기술적으로 해결해 나가고자 하는 분
모델 최적화 AI 도메인에 관심이 있고 새로운 기술 습득에 열려 있는 분

✅ 우대사항
엣지 AI 시스템 또는 임베디드 시스템 개발 및 모델 포팅 경험이 있는 분
대규모 트래픽을 처리하는 서버 아키텍처 설계 및 운영 경험이 있는 분
PyTorch, TensorFlow, ONNX, TensorFlow Lite, TensorRT 등 프레임워크 사용 경험이 있는 분
Pruning, Quantization, Knowledge Distillation 등 AI 최적화 기술에 대한 이해가 있는 분
LLM, LVM, Text-to-image 등 Generative AI 모델 개발 경험이 있는 분
사용자 경험, 기술, 비즈니스 문제 전반에 대한 높은 이해도를 갖춘 분",,,
18.0,[전문연구요원] AI Engineer,(주)노타 기업부설연구소,2025-05-31,2025-04-15,371.0,https://work.mma.go.kr/caisBYIS/search/cygonggogeomsaekView.do?menu_id=&searchCondition=&searchKeyword=&pageUnit=10&pageIndex=2&cygonggo_no=2000001006493&jbc_cd=&byjjeopche_cd=220200165&eopjong_gbcd=2&gegyumo_cd=&eopche_nm=&sido_addr=&sigungu_addr=&jeonjik_yn=&yeokjong_brcd=&cyjemok_nm=&eopjong_gbcd_list=,"[담당업무]
연구개발

[자격요건]
신입/경력

[기타사항]
안녕하세요, 주식회사 노타입니다.
병역일터를 통해 이력서를 제출해 주시면, 검토 후에 연락을 드리겠습니다.

✅ 주요 업무
다양한 Computer Vision AI 모델 데모 개발
Computer Vision AI Application 개발
엣지, 서버, 클라우드 환경에 AI Application 배포 및 유지보수
사업팀, SW Engineer와 함께 고객의 요구사항 파악 및 제품 설계
개념 증명(POC)에서 시작한 아이디어를 상업적 품질의 제품으로 발전

✅ 자격요건
3년 이상의 Computer Vision AI 모델/솔루션 개발 경험이 있는 분
PyTorch, TensorFlow, ONNX, TensorFlow Lite, TensorRT 등 딥러닝 관련 툴 사용 경험이 있는 분
엣지 AI 시스템, 임베디드 시스템 개발 경험 또는 AI 모델을 포팅해본 경험이 있는 분
Git을 통한 버전관리, 협업경험이 있는 분
사업/제품팀과의 적극적이고 창의적인 대화를 할 수 있는 의사 소통 능력이 있는 분
주도적으로 문제를 정의하여 기술적으로 해결해 나가고자 하는 분
모델 최적화 AI 도메인에 대한 관심이 있고 새로운 기술 습득에 열려있는 분

✅ 우대사항
AI 최적화 기술 (Pruning, Quantization, Knowledge Distillation 등) 에 대한 이해 또는 경험
LLM, LVM, Text-to-image 등 Generative AI 모델 관련 개발 경험
전체 제품 구현을 설계하고 세분화할 수 있는 능력
데이터베이스 및 백엔드 서비스 개발 경험
사용자 경험, 기술 및 비즈니스 문제에 대한 높은 이해도",,,
19.0,[(주)도터] AI 개발자 (병역특례 – 전문연구요원/보충역),(주)도터 기업부설연구소 (혁신 의료기기 QMS Center),2025-06-14,2025-04-15,298.0,https://work.mma.go.kr/caisBYIS/search/cygonggogeomsaekView.do?menu_id=&searchCondition=&searchKeyword=&pageUnit=10&pageIndex=2&cygonggo_no=2000001005892&jbc_cd=&byjjeopche_cd=220210197&eopjong_gbcd=2&gegyumo_cd=&eopche_nm=&sido_addr=&sigungu_addr=&jeonjik_yn=&yeokjong_brcd=&cyjemok_nm=&eopjong_gbcd_list=,"[담당업무]
심혈관 OCT 소프트웨어 개발

[자격요건]
신입/경력

[기타사항]
주요 업무
-심혈관 OCT 소프트웨어 내 AI 기반 기능 개발 참여
-머신러닝 모델의 학습, 테스트 및 검증 보조
-의료 영상 데이터를 모델 입력에 적합하도록 전처리
-제품에 AI 모델 통합 지원
-선임 개발자의 지도 하에 모델 성능 개선 및 최적화 수행
-Git을 활용한 소스 코드 및 개발 문서 관리

-컴퓨터공학, 인공지능, 데이터사이언스 등 관련 전공의 4년제 학사 학위
-병역특례(전문연구요원/보충역) 대상자 필수
-머신러닝 및 딥러닝의 기본 개념 이해
-Python 및 TensorFlow, PyTorch, Scikit-learn 등의 프레임워크를 활용한 개발 경험
-Git 등 버전 관리 시스템 사용 경험
-학습 의지와 팀워크를 갖춘 협업 능력
-소프트웨어 개발, 특히 AI 분야에 대한 관심과 열정이 있는 자
-기술 문서 이해 가능한 수준의 영어 독해 능력

우대 사항
-의료 데이터 또는 의료 영상 프로젝트 참여 경험
-OpenCV, NumPy 등 이미지 처리 도구 활용 경험
-AI 관련 인턴십, 연구, 대회 등 활동 경험",,,
20.0,디지털 헬스케어 분야 데이터 분석 전문가,렉스소프트(주) 기업부설연구소,2025-05-14,2025-04-14,360.0,https://work.mma.go.kr/caisBYIS/search/cygonggogeomsaekView.do?menu_id=&searchCondition=&searchKeyword=&pageUnit=10&pageIndex=2&cygonggo_no=2000001003889&jbc_cd=&byjjeopche_cd=220250089&eopjong_gbcd=2&gegyumo_cd=&eopche_nm=&sido_addr=&sigungu_addr=&jeonjik_yn=&yeokjong_brcd=&cyjemok_nm=&eopjong_gbcd_list=,"[담당업무]
헬스케어 관련 시스템 개발

[자격요건]
신입/경력

[기타사항]
사람인, 잡코리아, 원티드 등에 자세한 공고가 올라와있으니 참고 부탁드립니다.
(우대사항)
- 생물정보 혹은 관련분야 석사/박사 학위 소지자
- 국가과제 참여 및 운영 경험자
- 프로그래밍 언어를 이용해 개발이 가능한 자 (javascript, python, R 등)
- 클라우드 시스템에 기본적인 지식이 있는 자.
- 인공지능 기술에 관심있고 관련 개발에 열의가 있는 자",,,
21.0,[진크래프트(주)/병역특례] 바이오 R&D 연구원 채용,진크래프트(주) 부설연구소,2025-06-02,2025-04-08,682.0,https://work.mma.go.kr/caisBYIS/search/cygonggogeomsaekView.do?menu_id=&searchCondition=&searchKeyword=&pageUnit=10&pageIndex=3&cygonggo_no=2000000994293&jbc_cd=&byjjeopche_cd=220250022&eopjong_gbcd=2&gegyumo_cd=&eopche_nm=&sido_addr=&sigungu_addr=&jeonjik_yn=&yeokjong_brcd=&cyjemok_nm=&eopjong_gbcd_list=,"[담당업무]
실험실(LAB) 기자재 정리, 관리 및 기타 연구 지원 업무. 실험실 동물(쥐) 사육 및 관리 지원

[자격요건]
신입

[기타사항]
GeneCraft 소개
GeneCraft(진크래프트 주식회사)는 유전자(Gene)와 장인의 기술(Craft)을 결합하여 혁신적인 유전자 치료제를 개발하는 바이오테크 기업입니다.
당사는 독자적인 AAV 플랫폼 기술을 기반으로 신약 개발에 집중하고 있으며, 현재 세계 최초(First-in-Class) Pan-KRAS 비소세포폐암 유전자 치료제를 개발 중입니다. 2025년 1월 국내 임상시험계획(IND) 승인을 완료하였으며, 이를 바탕으로 상반기 내 임상 1상에 진입할 예정입니다.
또한, AAV 기반 플랫폼 기술을 지속적으로 고도화하여 연구 역량을 강화하고 있으며, 국내외 임상을 통해 신약 파이프라인을 확장하고 글로벌 시장에서 경쟁력을 높여 나가고 있습니다.

관련기사
https://www.newswire.co.kr/newsRead.php?no=988336
https://magazine.hankyung.com/job-joy/article/202312223994d",,,
22.0,"S/W 전문연구요원 채용 (현역,보충역,전직 가능)",(주)나노텍 광전자연구소,2025-05-30,2025-04-11,449.0,https://work.mma.go.kr/caisBYIS/search/cygonggogeomsaekView.do?menu_id=&searchCondition=&searchKeyword=&pageUnit=10&pageIndex=3&cygonggo_no=2000001001890&jbc_cd=&byjjeopche_cd=220240265&eopjong_gbcd=2&gegyumo_cd=&eopche_nm=&sido_addr=&sigungu_addr=&jeonjik_yn=&yeokjong_brcd=&cyjemok_nm=&eopjong_gbcd_list=,"[담당업무]
S/W 개발 / 데스크탑소프트웨어, 이더넷 통신을 이용한 설비제어 개발

[자격요건]
신입/경력

[기타사항]
* 지원자격
1. 관련전공 석사이상
2. 진공장비 및 플라즈마 연구
3. 광전자센서 연구개발 가능자",,,
23.0,"H/W 전문연구요원 채용 (현역,보충역,전직 가능)",(주)나노텍 광전자연구소,2025-05-30,2025-04-11,405.0,https://work.mma.go.kr/caisBYIS/search/cygonggogeomsaekView.do?menu_id=&searchCondition=&searchKeyword=&pageUnit=10&pageIndex=3&cygonggo_no=2000001001889&jbc_cd=&byjjeopche_cd=220240265&eopjong_gbcd=2&gegyumo_cd=&eopche_nm=&sido_addr=&sigungu_addr=&jeonjik_yn=&yeokjong_brcd=&cyjemok_nm=&eopjong_gbcd_list=,"[담당업무]
H/W회로개발

[자격요건]
신입/경력

[기타사항]
* 지원자격
1. 관련전공 석사이상
2. 진공장비 및 플라즈마 연구
3. 광전자센서 연구개발 가능자",,,
24.0,[서울 가산디지털역] 전문연구요원 어플리케이션 및 클라우드 개발자채용,(주)파이오링크 부설연구소,2025-04-30,2025-03-06,1794.0,https://work.mma.go.kr/caisBYIS/search/cygonggogeomsaekView.do?menu_id=&searchCondition=&searchKeyword=&pageUnit=10&pageIndex=3&cygonggo_no=2000000952511&jbc_cd=&byjjeopche_cd=220190074&eopjong_gbcd=2&gegyumo_cd=&eopche_nm=&sido_addr=&sigungu_addr=&jeonjik_yn=&yeokjong_brcd=&cyjemok_nm=&eopjong_gbcd_list=,"[담당업무]
어플리케이션 및 클라우드 개발

[자격요건]
신입/경력

[기타사항]
안녕하세요, 채용담당자입니다.

임직원 : 410명
2024년 전문연구요원 전역 2명완료
2025년 2명 신규 채용완료
2025년 전문연구요원 현 근무자 8명 / 배정 10명

아래 인원의 인재를 채용하고있습니다.

담당업무 :
- L7 트래픽 및 네트워크 서비스 관련 개발
- Django 기반의 장비 내부 API 기반 개발
- 빅 데이터 처리를 통한 서비스 개발
- 퍼블릭/프라이빗 클라우드 연동개발

자격요건 :
- C 프로그래밍 및 Python프로그래밍을 활용한 개발 경험
- 네트워크 및 소켓 프로그래밍에 대한 경험

우대사항
- 웹/API 프로토콜에 대한 이해
- Django(Python) 기반의 RESTful API 서비스 개발 경험
- 빅데이터 처리 개발 경험
- 커널 모듈 또는 오픈소스 개발 및 디버깅 경험
- 오픈소스 활용 경험
- 네트워크 프로토콜에 대한 이해
- 웹/API 보안에 대한 이해

지원방법: 병역일터 지원 또는 사람인 지원

사람인URL = https://www.saramin.co.kr/zf_user/jobs/view?rec_idx=50171861&view_type=etc&ref=recruit_manage",,,
25.0,[와디즈] 전문연구요원_백엔드 개발자 채용,와디즈(주) 기업부설연구소,2025-05-31,2025-04-10,509.0,https://work.mma.go.kr/caisBYIS/search/cygonggogeomsaekView.do?menu_id=&searchCondition=&searchKeyword=&pageUnit=10&pageIndex=3&cygonggo_no=2000000998133&jbc_cd=&byjjeopche_cd=220240281&eopjong_gbcd=2&gegyumo_cd=&eopche_nm=&sido_addr=&sigungu_addr=&jeonjik_yn=&yeokjong_brcd=&cyjemok_nm=&eopjong_gbcd_list=,"[담당업무]
자바 백엔드 개발자

[자격요건]
신입

[기타사항]
https://job.wadiz.kr/o/142436",,,
26.0,[와디즈] 전문연구요원_AI 개발자 채용,와디즈(주) 기업부설연구소,2025-05-31,2025-04-10,581.0,https://work.mma.go.kr/caisBYIS/search/cygonggogeomsaekView.do?menu_id=&searchCondition=&searchKeyword=&pageUnit=10&pageIndex=3&cygonggo_no=2000000998134&jbc_cd=&byjjeopche_cd=220240281&eopjong_gbcd=2&gegyumo_cd=&eopche_nm=&sido_addr=&sigungu_addr=&jeonjik_yn=&yeokjong_brcd=&cyjemok_nm=&eopjong_gbcd_list=,"[담당업무]
AI 개발자

[자격요건]
신입

[기타사항]
https://job.wadiz.kr/o/143714",,,
27.0,환경사업부 기계설비 및 신재생에너지(지열에너지),(주)지엔에스엔지니어링 기업부설연구소,2025-05-31,2025-04-09,577.0,https://work.mma.go.kr/caisBYIS/search/cygonggogeomsaekView.do?menu_id=&searchCondition=&searchKeyword=&pageUnit=10&pageIndex=3&cygonggo_no=2000000997290&jbc_cd=&byjjeopche_cd=220240293&eopjong_gbcd=2&gegyumo_cd=&eopche_nm=&sido_addr=&sigungu_addr=&jeonjik_yn=&yeokjong_brcd=&cyjemok_nm=&eopjong_gbcd_list=,"[담당업무]
연구 및 R&D, 기계설비 및 지열에너지 관련 업무

[자격요건]
신입/경력",,,
28.0,(주)메덱스 전문연구요원 보충역 채용,(주)메덱스부설생물공학연구소,2025-06-08,2025-04-09,620.0,https://work.mma.go.kr/caisBYIS/search/cygonggogeomsaekView.do?menu_id=&searchCondition=&searchKeyword=&pageUnit=10&pageIndex=3&cygonggo_no=2000000997111&jbc_cd=&byjjeopche_cd=220220297&eopjong_gbcd=2&gegyumo_cd=&eopche_nm=&sido_addr=&sigungu_addr=&jeonjik_yn=&yeokjong_brcd=&cyjemok_nm=&eopjong_gbcd_list=,"[담당업무]
미생물 검사 및 연구개발

[자격요건]
신입

[기타사항]
전문연구요원 중 보충역(자연계 학사) 채용의 건",,,
29.0,[(주)강스템바이오텍] 연구원 채용(서울),(주)강스템바이오텍 글로벌 R&D 센터,2025-04-30,2025-04-09,632.0,https://work.mma.go.kr/caisBYIS/search/cygonggogeomsaekView.do?menu_id=&searchCondition=&searchKeyword=&pageUnit=10&pageIndex=3&cygonggo_no=2000000996290&jbc_cd=&byjjeopche_cd=220220246&eopjong_gbcd=2&gegyumo_cd=&eopche_nm=&sido_addr=&sigungu_addr=&jeonjik_yn=&yeokjong_brcd=&cyjemok_nm=&eopjong_gbcd_list=,"[담당업무]
유도만능줄기세포/오가노이드 연구 등

[자격요건]
신입/경력

[기타사항]
(주)강스템바이오텍은 제대혈유래 줄기세포 치료제를 개발하는 기업으로 자세한 기업정보는 홈페이지 참고 부탁드립니다.",,,
30.0,(주)크린앤사이언스 전문연구요원 모집,(주)크린앤사이언스 부설연구소,2025-05-31,2025-04-08,654.0,https://work.mma.go.kr/caisBYIS/search/cygonggogeomsaekView.do?menu_id=&searchCondition=&searchKeyword=&pageUnit=10&pageIndex=3&cygonggo_no=2000000995289&jbc_cd=&byjjeopche_cd=220240286&eopjong_gbcd=2&gegyumo_cd=&eopche_nm=&sido_addr=&sigungu_addr=&jeonjik_yn=&yeokjong_brcd=&cyjemok_nm=&eopjong_gbcd_list=,"[담당업무]
Filter Paper 개발(연료, 오일), 필터류 개발(공기청정기, 공조용, Liquid 등)

[자격요건]
신입

[기타사항]
(주)크린앤사이언스는 지속적인 신기술 개발을 통한 첨단 소재에서 필터 완제품까지 생산하는, 언제나 인간과 환경을 중시하는 친환경 중심 기업입니다.
열정과 신뢰의 가치 아래 환경 친환경 제품과 솔루션을 통해 깨끗한 세상을 만들고, 모든 직원이 존중 받고 성장할 수 있는 문화를 조성합니다.
[전형절차] 서류전형 > 1차면접 > 최종합격
홈페이지 : www.cands.co.kr",,,
31.0,[서울/전문연구요원] 휴머노이드 로봇 연구원 채용,(주)로브로스 기업부설연구소,2025-05-31,2025-01-16,2852.0,https://work.mma.go.kr/caisBYIS/search/cygonggogeomsaekView.do?menu_id=&searchCondition=&searchKeyword=&pageUnit=10&pageIndex=4&cygonggo_no=2000000877289&jbc_cd=&byjjeopche_cd=220250018&eopjong_gbcd=2&gegyumo_cd=&eopche_nm=&sido_addr=&sigungu_addr=&jeonjik_yn=&yeokjong_brcd=&cyjemok_nm=&eopjong_gbcd_list=,"[담당업무]
학습 기반 휴머노이드 제어

[자격요건]
신입/경력

[기타사항]
안녕하세요!

F&B 자동화 시장의 혁신을 선도하며, 로봇과 함께하는 미래를 만들어가는 (주)로브로스입니다.

현재 저희 회사는 강화학습 및 모방학습 기반의 휴머노이드 제어 기술과

로봇 관련 다양한 첨단 연구를 진행하고 있습니다.

이 과정에서 함께 열정을 발휘하고, 기술 발전에 기여하실 연구원을 찾고 있습니다.


최첨단 기술에 대한 관심과 로봇 및 인공지능에 대한 열정을 가지신 분이라면,

저희와 함께 성장하며 꿈을 실현할 수 있는 기회를 만나보세요!


회사 정보 및 업무에 대한 자세한 내용은 아래 링크를 통해 확인하실 수 있습니다.

- 회사 정보 : https://robros.notion.site/f1f1cf159d6749539b37843733dea3c4

- 회사 유튜브 채널 : https://www.youtube.com/@ROBROS_robot




[ 모집 부문 및 상세 내용 ]

- 학 력 : 학사 이상 (로봇공학, 기계공학, 컴퓨터공학 등 로봇 관련 전공자 우대)

- 업무 범위 : 링크 참조 (https://robros.notion.site/f1f1cf159d6749539b37843733dea3c4)

- 우대 사항 : 로봇 동아리 활동 경험이 있으신 분

- 지원 방법 : 병역일터 통해서 지원 또는 사람인 통해서 지원",,,
32.0,Electrical/Electronic Engineer (Junior/Intermediate),(주)컨트로맥스 기업부설연구소,2025-06-06,2025-04-07,641.0,https://work.mma.go.kr/caisBYIS/search/cygonggogeomsaekView.do?menu_id=&searchCondition=&searchKeyword=&pageUnit=10&pageIndex=4&cygonggo_no=2000000993290&jbc_cd=&byjjeopche_cd=220240156&eopjong_gbcd=2&gegyumo_cd=&eopche_nm=&sido_addr=&sigungu_addr=&jeonjik_yn=&yeokjong_brcd=&cyjemok_nm=&eopjong_gbcd_list=,"[담당업무]
항공용 서보기능설계(전기/전자/제어), 전기/전자/기계 3D Modeling 및 간섭체크(Mentoring제공), BOM/기술자료 형상관리

[자격요건]
신입/경력

[기타사항]
저희 Contromax는 국내/외 항공기 및 항공기 구성품 개발 경력자들로 구성된 항공용 전기-기계식 엑츄에이터(서보모터) 개발 전문회사로서 ""한국에 본사를 둔 Global Aviation Servo Company""라는 회사 비젼을 임직원 모두 공유하고 노력하고 있습니다.
기계공학 경험과 지식을 바탕으로 항공용 전기-기계식 엑츄에이터(서보모터) 개발에 다양한 아이디어를 발굴하고 실무에 적용, 그 과정에서 성공도/실패도 함께 공유할 구성원을 찾습니다.
항공분야 경험이 부족 또는 없을 경우 적절한 기술적 지원이 병행될 예정이므로 용기 내서 지원해주시기 바랍니다.
무엇보다 아래 자격요건 꼼꼼히 읽어보시고, 저희와 생각이 비슷하다 생각되시면 부담 없이 문을 두들겨주십시오.
한 사람이 모든 분야를 다 경험했거나/잘 할 수는 없습니다. 부족한 부분은 전문교육 및 협업으로 채워나갈 수 있습니다.

[자격요건]
ㆍ비행기를 좋아하는 사람
ㆍ""해보니까되더라.""가 아닌 Science/Physics 기반으로 제대로 개발하고픈 사람
ㆍ한국의 Practice가 아닌, 미국 FAA, 유럽 EASA 개발 규정에 맞춰 항공용 부품을 제대로 개발하고픈 사람
ㆍ본인의 경쟁력이 곧 Global 경쟁력이 되기를 희망하는 사람
ㆍ""It's OK, You've got permission to fail.""의 의미를 이해하는 사람
ㆍ세계 1등 항공용 서보개발에 일조하고픈 사람
ㆍ영어 가능자 우대하지만, 학습과 도전에 두려움이 없는 사람",,,
33.0,Mechanical Engineer (Junior/ Intermediate),(주)컨트로맥스 기업부설연구소,2025-06-06,2025-04-07,646.0,https://work.mma.go.kr/caisBYIS/search/cygonggogeomsaekView.do?menu_id=&searchCondition=&searchKeyword=&pageUnit=10&pageIndex=4&cygonggo_no=2000000993289&jbc_cd=&byjjeopche_cd=220240156&eopjong_gbcd=2&gegyumo_cd=&eopche_nm=&sido_addr=&sigungu_addr=&jeonjik_yn=&yeokjong_brcd=&cyjemok_nm=&eopjong_gbcd_list=,"[담당업무]
서보모터 시험장치 설계개발, 기계/전기/전자 3D Modeling, Integration, Interface Check, BOM/기술자료 형상관리

[자격요건]
신입/경력

[기타사항]
저희 Contromax는 국내/외 항공기 및 항공기 구성품 개발 경력자들로 구성된 항공용 전기-기계식 엑츄에이터(서보모터) 개발 전문회사로서 ""한국에 본사를 둔 Global Aviation Servo Company""라는 회사 비젼을 임직원 모두 공유하고 노력하고 있습니다.
기계공학 경험과 지식을 바탕으로 항공용 전기-기계식 엑츄에이터(서보모터) 개발에 다양한 아이디어를 발굴하고 실무에 적용, 그 과정에서 성공도/실패도 함께 공유할 구성원을 찾습니다.
항공분야 경험이 부족 또는 없을 경우 적절한 기술적 지원이 병행될 예정이므로 용기 내서 지원해주시기 바랍니다.
무엇보다 아래 자격요건 꼼꼼히 읽어보시고, 저희와 생각이 비슷하다 생각되시면 부담 없이 문을 두들겨주십시오.
한 사람이 모든 분야를 다 경험했거나/잘 할 수는 없습니다. 부족한 부분은 전문교육 및 협업으로 채워나갈 수 있습니다.

[자격요건]
ㆍ비행기를 좋아하는 사람
ㆍ""해보니까되더라.""가 아닌 Science/Physics 기반으로 제대로 개발하고픈 사람
ㆍ한국의 Practice가 아닌, 미국 FAA, 유럽 EASA 개발 규정에 맞춰 항공용 부품을 제대로 개발하고픈 사람
ㆍ본인의 경쟁력이 곧 Global 경쟁력이 되기를 희망하는 사람
ㆍ""It's OK, You've got permission to fail.""의 의미를 이해하는 사람
ㆍ세계 1등 항공용 서보개발에 일조하고픈 사람
ㆍ영어 가능자 우대하지만, 학습과 도전에 두려움이 없는 사람",,,
34.0,"[슈어소프트테크] 전문연구요원(현역, 보충역, 전직) 연구개발 부문 모집",슈어소프트테크(주)소프트웨어시험자동화연구소,2025-05-31,2025-03-17,1361.0,https://work.mma.go.kr/caisBYIS/search/cygonggogeomsaekView.do?menu_id=&searchCondition=&searchKeyword=&pageUnit=10&pageIndex=4&cygonggo_no=2000000965089&jbc_cd=&byjjeopche_cd=220160006&eopjong_gbcd=2&gegyumo_cd=&eopche_nm=&sido_addr=&sigungu_addr=&jeonjik_yn=&yeokjong_brcd=&cyjemok_nm=&eopjong_gbcd_list=,"[담당업무]
SW연구개발

[자격요건]
신입/경력

[기타사항]
- 현역과 보충역 모두 모집중에 있습니다.(전직도 가능)
- 지원을 희망할 경우, 내선번호로 필히 연락 바랍니다.(031-606-2012)
- 모집분야: C/C++개발자, C#개발자, 소스코드 분석엔진개발자, AI개발자(테스트 도구/엔진)
- 자격요건: 자사 홈페이지 확인(https://www.suresofttech.com/recruit/recruit_ing.php?mode=search&total_searchkey=)",,,
35.0,(서울)전문연구요원(보충역) 채용_에임드바이오,(주)에임드바이오 R&D센터,2025-04-30,2025-04-07,676.0,https://work.mma.go.kr/caisBYIS/search/cygonggogeomsaekView.do?menu_id=&searchCondition=&searchKeyword=&pageUnit=10&pageIndex=4&cygonggo_no=2000000991690&jbc_cd=&byjjeopche_cd=220200341&eopjong_gbcd=2&gegyumo_cd=&eopche_nm=&sido_addr=&sigungu_addr=&jeonjik_yn=&yeokjong_brcd=&cyjemok_nm=&eopjong_gbcd_list=,"[담당업무]
항체엔지니어링 및 신규 항체 발굴

[자격요건]
신입/경력

[기타사항]
에임드바이오는 암을 포함한 난치성 뇌질환 환자에게 치료 솔루션을 제공하기 위해
2018년 8월 삼성서울병원에서 스핀오프한 Start Up 기업입니다.

유한양행· 삼성생명공익재단의 후속 투자와 삼성라이프사이언스펀드 · 인터베스트 ·
DS자산운용, 민트벤처로부터 2024년 7월 말 400억원 규모의 시리즈B 투자를 유치하였습니다.

우리 회사는 미국 바이오헤븐(Biohaven)에 토포이소머라아제I(TOP1) 저해제 페이로드 기반의
FGFR3 항체-약물접합체(ADC) ‘AMB302(BHV-1530)’에 대한 개발, 상업화 글로벌 독점권을
라이선스아웃(L/O)하는 계약을 체결했습니다.

삼성서울병원에서 수십년간 구축해 온 글로벌 네트워크, 우수한 성과를 거둔 연구팀과
뛰어난 약물 개발 플랫폼을 갖춘 에임드바이오에서 함께 일할 인재를 찾고 있습니다

회사는 송파구 정의로 67 (문정동, MK타워)에 있습니다.


1. 항체엔지니어링 및 신규 항체 발굴

- 담당업무: 신규항체 발굴 및 스크리닝, 항체 및 단백질 생산, QC, 항체 엔지니어링 및 최적화
Phage display를 이용한 항체 개발, 분자생물학적 실험

- 자격요건: 생명과학 또는 관련 학과

- 우대사항: 항체공학을 통한 항체치료제 개발 및 최적화 연구 유경험자 우대, 관련분야 석사, 영어 능통자",,,
36.0,(서울)전문연구요원(현역 전직 희망자) 채용_에임드바이오,(주)에임드바이오 R&D센터,2025-04-30,2025-04-07,688.0,https://work.mma.go.kr/caisBYIS/search/cygonggogeomsaekView.do?menu_id=&searchCondition=&searchKeyword=&pageUnit=10&pageIndex=4&cygonggo_no=2000000991689&jbc_cd=&byjjeopche_cd=220200341&eopjong_gbcd=2&gegyumo_cd=&eopche_nm=&sido_addr=&sigungu_addr=&jeonjik_yn=&yeokjong_brcd=&cyjemok_nm=&eopjong_gbcd_list=,"[담당업무]
항체엔지니어링 및 신규 항체 발굴

[자격요건]
신입/경력

[기타사항]
에임드바이오는 암을 포함한 난치성 뇌 질환 환자에게 치료 솔루션을 제공하기 위해
2018년 8월 삼성서울병원에서 스핀오프한 Start Up 기업으로
유한양행· 삼성생명공익재단의 후속 투자와 삼성라이프사이언스펀드 · 인터베스트 ·
DS자산운용, 민트벤처로부터 2024년 7월 말 400억원 규모의 시리즈B 투자 유치를 완료하였습니다.

우리 회사는 미국 바이오헤븐(Biohaven)에 토포이소머라아제I(TOP1) 저해제 페이로드 기반의
FGFR3 항체-약물접합체(ADC) ‘AMB302(BHV-1530)’에 대한 개발, 상업화 글로벌 독점권을
라이선스아웃(L/O)하는 계약을 체결했습니다.

삼성서울병원에서 수십년간 구축해 온 강력한 글로벌 네트워크, 우수한 성과를 거둔 연구팀
그리고 뛰어난 약물 개발 플랫폼을 기반으로 하여 뇌 질환 치료 혁신에 뛰어든
에임드바이오에서 함께 일할 인재를 찾고 있습니다

회사는 송파구 정의로 67 (문정동, MK타워)에 있습니다.


모집 분야: 항체엔지니어링 및 신규 항체 발굴

- 담당업무: 신규항체 발굴 및 스크리닝, 항체 및 단백질 생산, QC, 항체 엔지니어링 및 최적화
Phage display를 이용한 항체 개발, 분자생물학적 실험

- 자격요건: 생명과학 또는 관련 학과

- 우대사항: 항체공학을 통한 항체치료제 개발 및 최적화 연구 유경험자 우대, 관련분야 석사, 영어 능통자",,,
37.0,㈜캠시스 CM연구소 SW 엔지니어 채용,(주)캠시스 CM연구소,2025-04-30,2025-03-26,1053.0,https://work.mma.go.kr/caisBYIS/search/cygonggogeomsaekView.do?menu_id=&searchCondition=&searchKeyword=&pageUnit=10&pageIndex=4&cygonggo_no=2000000979689&jbc_cd=&byjjeopche_cd=220250036&eopjong_gbcd=2&gegyumo_cd=&eopche_nm=&sido_addr=&sigungu_addr=&jeonjik_yn=&yeokjong_brcd=&cyjemok_nm=&eopjong_gbcd_list=,"[담당업무]
1)자동화 설비 모션제어(PC) 개발 2)MFC,C++,C# 이용한 SW 개발 3)모션제어기(AJIN,WMX 등) 이용 SW 개발 등

[자격요건]
신입/경력

[기타사항]
1. 담당업무
1) 자동화 설비 모션제어(PC) 개발
2) MFC, C++, C# 이용한 SW 개발
3) 모션제어기 (AJIN, WMX 등) 이용 SW 개발
4) 비젼 알고리즘 개발
5) 영상 처리를 통한 검사 알고리즘 개발
6) 비젼 알고리즘 플랫폼 개발

2. 자격요건
1) 자동화 설비 PC 제어 관련 전공자
2) MFC / Visual C++ , C# 사용 가능자
3) VC++, C# 개발 전공자
4) OpenCV, Halcon, IPP 사용 가능자
5) 머신비젼 관련 개발 전공자
6) 해외 출장 가능자

3. 우대사항(필수사항 아님)
1) 카메라 모듈 자동화 간접 경험 보유자
2) C++, C#, MFC, TCP/IP, Serial 통신 관련 경험 보유자
3) 소켓(TCP/IP) 통신, 시리얼통신 관련 경험 보유자
4) 자동화 장비 및 제어 개발 관련 경험 보유자

4. 급여
신입 : 4,000만원
경력 : 4,500만원",,,
38.0,㈜캠시스 CM연구소 HW 엔지니어 채용,(주)캠시스 CM연구소,2025-04-30,2025-03-26,992.0,https://work.mma.go.kr/caisBYIS/search/cygonggogeomsaekView.do?menu_id=&searchCondition=&searchKeyword=&pageUnit=10&pageIndex=4&cygonggo_no=2000000979690&jbc_cd=&byjjeopche_cd=220250036&eopjong_gbcd=2&gegyumo_cd=&eopche_nm=&sido_addr=&sigungu_addr=&jeonjik_yn=&yeokjong_brcd=&cyjemok_nm=&eopjong_gbcd_list=,"[담당업무]
1)자동화 설비 개발 2)VHDL, Verilog 개발 3)회로 설계 개발

[자격요건]
신입/경력

[기타사항]
1. 담당업무
1) 자동화 설비 개발
2) VHDL, Verilog 개발
3) 회로설계 개발

2. 자격요건
1) Logic (Vivado tool & Xilinx) 개발 경험 보유자
2) VHDL & Verilog 개발 경험 보유자
3) Orcad & PADs 회로설계 경험 보유자
4) 해외 출장 가능자

3. 우대사항(필수사항 아님)
1) 카메라 모듈 자동화 간접 경험 보유자
2) MiPi CSI D&C Phy Logic 개발 관련 경험 보유자
3) Digital Signal Processing 개발 관련 경험 보유자
4) 각종 통신 인터페이스 관련 경험 보유자

4. 급여
신입 : 3,700만원
경력 : 4,000만원",,,
39.0,㈜캠시스 CM연구소 프로세스 엔지니어 채용,(주)캠시스 CM연구소,2025-04-30,2025-03-26,1032.0,https://work.mma.go.kr/caisBYIS/search/cygonggogeomsaekView.do?menu_id=&searchCondition=&searchKeyword=&pageUnit=10&pageIndex=4&cygonggo_no=2000000979691&jbc_cd=&byjjeopche_cd=220250036&eopjong_gbcd=2&gegyumo_cd=&eopche_nm=&sido_addr=&sigungu_addr=&jeonjik_yn=&yeokjong_brcd=&cyjemok_nm=&eopjong_gbcd_list=,"[담당업무]
1) 개발 모델 설비 셋업 및 SPL 제작 2) 원/부자재 이원화 검토 3) 개발 단계별 불량 분석 및 개선 진행 등

[자격요건]
신입/경력

[기타사항]
1. 담당업무
1) 개발 모델 설비 셋업 및 SPL 제작
2) 원/부자재 이원화 검토
3) 개발 단계별 불량 분석 및 개선 진행
4) 공정 개선 및 원가 절감 Item 검토
5) 신규 설비 공정 검토

2. 지원자격
1) 전기/전자/기계/산업공학 관련 전공

3. 우대사항
1) Auto-CAD / 3D
2) 영어, 베트남어, 중국어 가능자

4. 급여
신입 : 3,700만원
경력 : 4,000만원",,,
40.0,신입/경력/전문연구요원(병역특례) 신규 채용 공고,(주)하우앳 기업부설연구소,2025-05-30,2025-03-31,982.0,https://work.mma.go.kr/caisBYIS/search/cygonggogeomsaekView.do?menu_id=&searchCondition=&searchKeyword=&pageUnit=10&pageIndex=4&cygonggo_no=2000000984089&jbc_cd=&byjjeopche_cd=220250068&eopjong_gbcd=2&gegyumo_cd=&eopche_nm=&sido_addr=&sigungu_addr=&jeonjik_yn=&yeokjong_brcd=&cyjemok_nm=&eopjong_gbcd_list=,"[담당업무]
무선 기기 드라이버개발,무선 통신 디바이스 소프트웨어 개발,네트워크 프로토콜 적용,임베디드 소프트웨어개발

[자격요건]
신입/경력

[기타사항]
* 지원자격 및 경력조건
- 병역특례-전문연구요원 대상
- 학력조건: 석사이상

* 우대조건
- 전기/전자공학, 통신/컴퓨터공학 등 관련 학력 보유자
- C, C++ 및 프로그래밍 능숙자
- 무선통신 시스템 관련 연구/개발 유경험자
- 네트워크 프로토콜 및 소켓 프로그래밍 경험
- 임베디드 개발 경험",,,
41.0,[서울/전문연구요원] S/W개발자 채용 모집,(주)큐빅셀 기업부설연구소,2025-06-02,2025-04-03,794.0,https://work.mma.go.kr/caisBYIS/search/cygonggogeomsaekView.do?menu_id=&searchCondition=&searchKeyword=&pageUnit=10&pageIndex=5&cygonggo_no=2000000989090&jbc_cd=&byjjeopche_cd=220240025&eopjong_gbcd=2&gegyumo_cd=&eopche_nm=&sido_addr=&sigungu_addr=&jeonjik_yn=&yeokjong_brcd=&cyjemok_nm=&eopjong_gbcd_list=,"[담당업무]
- 반도체 검사장비 S/W개발 - 영상처리 및 알고리즘 개발 - 장비 제어 업무 - UI디자인 업무

[자격요건]
신입/경력

[기타사항]
[자격요건]
- C/C++/C# 등 C언어 사용 가능자
- Visual studio 사용 가능자
- 35세까지 전문연구요원 의무복무기간(36개월)을 마칠 수 있는 자

[우대사항]
- 관련 학과 전공자 (전자/영상처리/자동제어 등)
- 이미지 프로세싱 (Open Image Lid) 경험자
- 모션 제어 프로그램 개발 경험자
- 신호, 영상처리 알고리즘 개발 경험자

[복리후생]
- 신입사원 교육 (OJT) 진행
- 직무발명보상금 운영
- 교육훈련 지원 (도서/강의)
- 고사양 PC제공
- 사내 카페테리아 운영
- 자유로운 복장
- 자유로운 연차 사용",,,
42.0,[제이엘케이] 인공지능연구원 모집 (전문연구요원),(주)제이엘케이 서울 기업부설연구소,2025-04-30,2025-04-01,836.0,https://work.mma.go.kr/caisBYIS/search/cygonggogeomsaekView.do?menu_id=&searchCondition=&searchKeyword=&pageUnit=10&pageIndex=5&cygonggo_no=2000000985892&jbc_cd=&byjjeopche_cd=220170286&eopjong_gbcd=2&gegyumo_cd=&eopche_nm=&sido_addr=&sigungu_addr=&jeonjik_yn=&yeokjong_brcd=&cyjemok_nm=&eopjong_gbcd_list=,"[담당업무]
인공지능연구원

[자격요건]
신입/경력

[기타사항]
Deep Learning/Machine Learning
기반 의료영상 분석 및 진단보조 모델 개발
Machine Learning/Medical Image Analysis 분야
Journal/Conference에 논문 발표
Medical Image 분야 최신 연구 동향 파악 및 공유
상용화 제품에 대한 연구지원 및 임상적 근거 창출",,,
43.0,[전문연구요원 채용]극동에너지(주) 기업부설연구소,극동에너지(주) 기업부설연구소,2025-04-30,2025-03-04,1658.0,https://work.mma.go.kr/caisBYIS/search/cygonggogeomsaekView.do?menu_id=&searchCondition=&searchKeyword=&pageUnit=10&pageIndex=5&cygonggo_no=2000000947091&jbc_cd=&byjjeopche_cd=220250125&eopjong_gbcd=2&gegyumo_cd=&eopche_nm=&sido_addr=&sigungu_addr=&jeonjik_yn=&yeokjong_brcd=&cyjemok_nm=&eopjong_gbcd_list=,"[담당업무]
수소연료전지 분야의 신기술 및 제품개발을 위한 자료조사 · 분석

[자격요건]
신입/경력

[기타사항]
극동에너지(주)는 태양광, 태양열에너지에 대해 끊임없는 연구와 투자로 그에 따른 독보적인 기술력을 인정받고 있습니다.
지난 20여 년간의 축적된 기술력을 바탕으로 효율적인 신재생에너지 제품을 공급하고 있으며 항상 고객만족을 위해 최선을 다하고 있습니다.
한국에너지공단 신재생에너지 참여기업, AS전담기업, 가족친화기업, 여가친화기업, 지식재산경영, ISO, 근무혁신우수, 벤처확인, 메인비즈,
이노비즈 등의 여러 인증을 받은 신뢰할 수 있는 기업입니다.",,,
44.0,[L&C BIO] 기업 부설 연구소 전문 연구 요원 채용,(주)엘앤씨바이오 기업부설연구소,2025-04-30,2025-03-31,911.0,https://work.mma.go.kr/caisBYIS/search/cygonggogeomsaekView.do?menu_id=&searchCondition=&searchKeyword=&pageUnit=10&pageIndex=5&cygonggo_no=2000000983090&jbc_cd=&byjjeopche_cd=220240187&eopjong_gbcd=2&gegyumo_cd=&eopche_nm=&sido_addr=&sigungu_addr=&jeonjik_yn=&yeokjong_brcd=&cyjemok_nm=&eopjong_gbcd_list=,"[담당업무]
생체 재료 또는 고분자 기반의 의료기기 개발

[자격요건]
신입

[기타사항]
※ 담당 업무 관련 전공
- 생체 재료, 고분자, 재료 공학, 조직 공학

※ 아래 업무 중 하나 이상의 경험자 또는 전공자 우대
- 생체 고분자 기반 연구 개발
- 생체 조직에서 콜라겐 추출 및 정제 연구 개발
- 고분자 기반 연조직 접합체 연구 개발
- 생체 유래 고분자 또는 흡수성 고분자 합성 및 연구 개발

※ 복리 후생
1. 단체 활동비 (동호회비) 지원
2. 패밀리 데이 (월 1회)
3. 중식 지원
4. 주택 자금 지원
5. 자녀 학자금 지원
6. 포상 제도 (장기 근속, 내부 추천 포상금, 우수 사원 포상)
7. 기념일 (생일, 결혼기념일) 지원
8. 복지 포인트 지급
9. 경조사비 지원",,,
45.0,[경기도 성남시]SW 공급망 보안 솔루션 개발자 채용,쿤텍(주) 기업부설연구소,2025-06-30,2024-12-26,3047.0,https://work.mma.go.kr/caisBYIS/search/cygonggogeomsaekView.do?menu_id=&searchCondition=&searchKeyword=&pageUnit=10&pageIndex=5&cygonggo_no=2000000846491&jbc_cd=&byjjeopche_cd=220250072&eopjong_gbcd=2&gegyumo_cd=&eopche_nm=&sido_addr=&sigungu_addr=&jeonjik_yn=&yeokjong_brcd=&cyjemok_nm=&eopjong_gbcd_list=,"[담당업무]
SW 공급망 솔루션 백엔드 개발, SW 데이터 수집 및 분석, 취약점 수집 및 분석

[자격요건]
신입/경력

[기타사항]
[사람인 입사지원]
https://www.saramin.co.kr/zf_user/jobs/relay/view?rec_idx=50090088&view_type=search
T : 031-751-9088

- 급여 : 면접 후 결정

[필수 조건]
- 학력 : 이공계 석사 이상 졸업자 및 예정자
관련전공 석사 이상
1) 석사학위 취득자
2) 석사, 박사 통합 과정 중 석사학위 취득자(중도 포기자)
3) 석사, 박사 통합 과정 중 박사 수료자
4) 박사학위 취득자, 취득 예정자(박사 수료 X) ※ 박사학위 취득 예정자의 경우 학위 논문 심사결과 통지서 제출 가능자

- 경력 : 무관
- 데이터베이스(RDBMS) 사용 경험 및 이해도
- docker, kubemetes 기반 개발 경험자
- C, C++, Java, Python, Go 등 1개 언어 이상 활용 가능자

[우대조건]
- Golang 개발 경험자
- 오픈소스 활용 유경험자
- 오픈소스 라이선스 및 취약점 관련 이해도",,,
46.0,[현역] 인공지능 자연어처리 AI SW 전문연구요원 모집 (서울 강서구 마곡동),주식회사 넥스브이 기업부설연구소,2025-04-26,2025-03-27,1034.0,https://work.mma.go.kr/caisBYIS/search/cygonggogeomsaekView.do?menu_id=&searchCondition=&searchKeyword=&pageUnit=10&pageIndex=5&cygonggo_no=2000000979895&jbc_cd=&byjjeopche_cd=220230019&eopjong_gbcd=2&gegyumo_cd=&eopche_nm=&sido_addr=&sigungu_addr=&jeonjik_yn=&yeokjong_brcd=&cyjemok_nm=&eopjong_gbcd_list=,"[담당업무]
AI SW개발(자연어처리, 정신건강 디지털치료제, 데이터 설계⦁구축) / 생체신호 rPPG 앱개발

[자격요건]
신입/경력

[기타사항]
주식회사 넥스브이는 2016년에 설립된 헬스케어 빅데이터 인공지능 전문기업으로 사원수 20명 규모의 벤처기업입니다.

헬스케어 데이터 연구개발을 위해 기업부설연구소를 설립하고,
이노비즈 인증, 벤처기업 인증을 통해 경영과 기술력을 인정받았으며,
데이터 가공 솔루션 MDA(모다), SDA(쓰다), GDA(긋다) SW를 개발⦁보유하고
AI 데이터 구축, 솔루션 사업을 진행하고 있습니다.

인공지능과 빅데이터 관련 핵심 알고리즘을 개발하기 위해 전문개발인력과 헬스케어데이터를 가공 및 검수할 수 있는
보건의료인력, 데이터 분석을 위한 연구원, 데이터 시각화를 위한 전문디자이너, 사업화 과정과 기획 및 홍보에 시너지를 낼 수 있는
헬스케어 전문 마케터들과 함께 즐겁게 근무하세요.

당신의 능력을 마음껏 발휘하며 꿈과 이상을 함께 실현할 수 있는 기업!
모든 능력을 발휘하고 인정받을 수 있는 넥스브이에서 소중한 인재분을 기다리고 있습니다.",,,
47.0,(주)이투온 연구소 전문연구요원 채용,(주)이투온 연구소,2025-04-30,2025-03-04,1851.0,https://work.mma.go.kr/caisBYIS/search/cygonggogeomsaekView.do?menu_id=&searchCondition=&searchKeyword=&pageUnit=10&pageIndex=5&cygonggo_no=2000000945689&jbc_cd=&byjjeopche_cd=220250120&eopjong_gbcd=2&gegyumo_cd=&eopche_nm=&sido_addr=&sigungu_addr=&jeonjik_yn=&yeokjong_brcd=&cyjemok_nm=&eopjong_gbcd_list=,"[담당업무]
딥러닝/머신러닝 기반 영상분석 모델 개발

[자격요건]
신입/경력

[기타사항]
주요업무

- 이미지, 텍스트 등 비정형 데이터 기반 딥러닝 모델 개발 및 서비스 적용
- GPU 기반 추론 환경 구성 및 서비스 최적화

자격요건

- AI/ML 관련 학위(컴퓨터 공학, 전산학 등) 또는 이에 상응하는 경력
- 머신러닝 모델의 설계, 개발, 테스트 및 배포 경험
- 딥러닝 프레임워크 (Pytorch, Keras, Tensorflow 등) 을 활용한 프로젝트 수행 경험이 있으신 분

우대사항

- 학습, 추론 자동화를 통한 업무 효율화 개발 경험
- 클라우드 기반 환경에서의 서비스 설계 및 구축 경험이 있으신 분",,,
48.0,[전문연구요원] AI Research Engineer,(주)노타 기업부설연구소,2025-05-23,2025-03-26,1102.0,https://work.mma.go.kr/caisBYIS/search/cygonggogeomsaekView.do?menu_id=&searchCondition=&searchKeyword=&pageUnit=10&pageIndex=5&cygonggo_no=2000000979289&jbc_cd=&byjjeopche_cd=220200165&eopjong_gbcd=2&gegyumo_cd=&eopche_nm=&sido_addr=&sigungu_addr=&jeonjik_yn=&yeokjong_brcd=&cyjemok_nm=&eopjong_gbcd_list=,"[담당업무]
연구개발

[자격요건]
신입/경력

[기타사항]
안녕하세요, 주식회사 노타입니다.
병역일터를 통해 이력서를 제출해 주시면, 검토 후에 연락을 드리겠습니다.

주요 업무
On-device AI를 위한 모델 최적화 및 변환
- Pruning, Quantization, Knowledge Distillation 등 경량화 기법 연구 및 제품화
- TensorRT, TensorFlow Lite, ONNX 등 모델 변환을 통한 최적화 기법 연구 및 제품화
다양한 AI 모델에 대한 최적화
- Generative AI (large language model, stable diffusion model 등)
- Computer Vision (classification, object detection, segmentation 등) 및 그 외 분야

자격요건
석사 학위 이상 혹은 학사 학위 소지자의 경우 2년 이상 관련 분야 경력 또는 이에 준하는 역량이 있으신 분
Computer Engineering, Electrical Engineering 관련 전공 학위를 보유하신 분
PyTorch framework에서 deep learning model optimization 연구/개발 경험이 있으신 분
해외 여행에 결격 사유가 없는 분

우대사항
Pruning, Quantization, Knowledge Distillation 등 경량화 분야의 연구/개발 경험이 있으신 분
TensorRT, TensorFlow Lite, ONNX, ArmNN 등의 라이브러리 optimization 및 On-Device AI 관련 optimization 업무를 경험 해보신 분
LLM, LVM, Tex-to-image 등 Generative AI 모델 최적화 및 경량화 경험이 있으신 분
Embedded device에서 Low-precision deep learning model porting 업무 경험이 있으신 분
AI model optimization 관련 논문 제출 경력이 있으신 분",,,
50.0,[전문연구요원] Quantization Research Engineer,(주)노타 기업부설연구소,2025-05-23,2025-03-25,1056.0,https://work.mma.go.kr/caisBYIS/search/cygonggogeomsaekView.do?menu_id=&searchCondition=&searchKeyword=&pageUnit=10&pageIndex=5&cygonggo_no=2000000977089&jbc_cd=&byjjeopche_cd=220200165&eopjong_gbcd=2&gegyumo_cd=&eopche_nm=&sido_addr=&sigungu_addr=&jeonjik_yn=&yeokjong_brcd=&cyjemok_nm=&eopjong_gbcd_list=,"[담당업무]
연구개발

[자격요건]
신입/경력

[기타사항]
안녕하세요, 주식회사 노타입니다.
병역일터를 통해 이력서를 제출해 주시면, 검토 후에 연락을 드리겠습니다.
더 자세한 내용은 아래 첨부드린 채용 공고 사이트로 접속하셔서 확인 부탁드립니다.

Nota Career (채용 공고) : https://career.nota.ai/o/148508",,,
51.0,디멘뷰 Application,(주)딥인사이트기업부설연구소,2025-05-23,2025-03-25,923.0,https://work.mma.go.kr/caisBYIS/search/cygonggogeomsaekView.do?menu_id=&searchCondition=&searchKeyword=&pageUnit=10&pageIndex=6&cygonggo_no=2000000976497&jbc_cd=&byjjeopche_cd=220220284&eopjong_gbcd=2&gegyumo_cd=&eopche_nm=&sido_addr=&sigungu_addr=&jeonjik_yn=&yeokjong_brcd=&cyjemok_nm=&eopjong_gbcd_list=,"[담당업무]
HW 개발

[자격요건]
신입/경력

[기타사항]
>업무내용
- Lidar 기반 3D 스캐닝 시스템을 설계, 개발 및 최적화
- Lidar 센서, 카메라 및 하드웨어 구성 요소를 통합
- 3D 데이터 처리, 포인트 클라우드 생성 및 이미지 재구성을 위한 소프트웨어 알고리즘을 개발
- SLAM(Simultaneous Localization and Mapping) 알고리즘을 구현
- 3D 스캐너의 테스트, 교정 및 검증을 수행
- 3D 스캐닝 시스템과 관련된 기술적 문제를 해결",,,
52.0,AI개발자,(주)딥인사이트기업부설연구소,2025-05-23,2025-03-25,1000.0,https://work.mma.go.kr/caisBYIS/search/cygonggogeomsaekView.do?menu_id=&searchCondition=&searchKeyword=&pageUnit=10&pageIndex=6&cygonggo_no=2000000976496&jbc_cd=&byjjeopche_cd=220220284&eopjong_gbcd=2&gegyumo_cd=&eopche_nm=&sido_addr=&sigungu_addr=&jeonjik_yn=&yeokjong_brcd=&cyjemok_nm=&eopjong_gbcd_list=,"[담당업무]
SW 개발

[자격요건]
신입/경력

[기타사항]
>업무내용
- VHDL, Verilog기반 RTL 설계
- Simulation Model 및 Testbench 설계
- RTL Simulation 및 Verification",,,
53.0,FPGA 개발자,(주)딥인사이트기업부설연구소,2025-05-23,2025-03-25,903.0,https://work.mma.go.kr/caisBYIS/search/cygonggogeomsaekView.do?menu_id=&searchCondition=&searchKeyword=&pageUnit=10&pageIndex=6&cygonggo_no=2000000976495&jbc_cd=&byjjeopche_cd=220220284&eopjong_gbcd=2&gegyumo_cd=&eopche_nm=&sido_addr=&sigungu_addr=&jeonjik_yn=&yeokjong_brcd=&cyjemok_nm=&eopjong_gbcd_list=,"[담당업무]
HW 개발

[자격요건]
신입/경력

[기타사항]
>업무 내용
- VHDL, Verilog기반 RTL 설계
- Simulation Model 및 Testbench 설계
- RTL Simulation 및 Verification",,,
54.0,광학시스템 설계 엔지니어,(주)딥인사이트기업부설연구소,2025-05-23,2025-03-25,907.0,https://work.mma.go.kr/caisBYIS/search/cygonggogeomsaekView.do?menu_id=&searchCondition=&searchKeyword=&pageUnit=10&pageIndex=6&cygonggo_no=2000000976493&jbc_cd=&byjjeopche_cd=220220284&eopjong_gbcd=2&gegyumo_cd=&eopche_nm=&sido_addr=&sigungu_addr=&jeonjik_yn=&yeokjong_brcd=&cyjemok_nm=&eopjong_gbcd_list=,"[담당업무]
광학설계 및 광기구 설계

[자격요건]
신입/경력

[기타사항]
>업무내용
1. 광학설계
- 결상 광학계 설계 및 분석

2. 광기구 설계
- 광기구 설계 및 도면 제작
- 광학 시스템 조립 및 성능 평가
- 문서 작성 및 관리",,,
55.0,Embedded 엔지니어,(주)딥인사이트기업부설연구소,2025-05-23,2025-03-25,935.0,https://work.mma.go.kr/caisBYIS/search/cygonggogeomsaekView.do?menu_id=&searchCondition=&searchKeyword=&pageUnit=10&pageIndex=6&cygonggo_no=2000000976494&jbc_cd=&byjjeopche_cd=220220284&eopjong_gbcd=2&gegyumo_cd=&eopche_nm=&sido_addr=&sigungu_addr=&jeonjik_yn=&yeokjong_brcd=&cyjemok_nm=&eopjong_gbcd_list=,"[담당업무]
SW 개발

[자격요건]
신입/경력

[기타사항]
> 업무내용
- Linux, RTOS 경험
- C/C++ SW 개발 경험
- QT Application 개발 경험
- Device Driver 설계 개념
- Embeded Linux Kernel 이해 능력",,,
57.0,치과재료업체 전문연구요원 모집,스피덴트 기술연구소,2025-04-30,2025-03-24,1036.0,https://work.mma.go.kr/caisBYIS/search/cygonggogeomsaekView.do?menu_id=&searchCondition=&searchKeyword=&pageUnit=10&pageIndex=6&cygonggo_no=2000000975295&jbc_cd=&byjjeopche_cd=220130282&eopjong_gbcd=2&gegyumo_cd=&eopche_nm=&sido_addr=&sigungu_addr=&jeonjik_yn=&yeokjong_brcd=&cyjemok_nm=&eopjong_gbcd_list=,"[담당업무]
치과재료연구(실험,분석) 및 문서작업

[자격요건]
신입/경력

[기타사항]
업무: 연구개발에 필요한 실험 및 분석, 연구개발 문서작성
자연계 석사이상자 (화학전공자 우대)",,,
58.0,[플래티어/서울 송파] 초거대 생성형 AI 기술 개발자(전문연구요원/현역),(주)플래티어 기술연구소,2025-04-30,2025-03-21,1156.0,https://work.mma.go.kr/caisBYIS/search/cygonggogeomsaekView.do?menu_id=&searchCondition=&searchKeyword=&pageUnit=10&pageIndex=6&cygonggo_no=2000000973489&jbc_cd=&byjjeopche_cd=220240200&eopjong_gbcd=2&gegyumo_cd=&eopche_nm=&sido_addr=&sigungu_addr=&jeonjik_yn=&yeokjong_brcd=&cyjemok_nm=&eopjong_gbcd_list=,"[담당업무]
초거대 생성형 AI 기술 기반 연구 및 솔루션 개발/데이터 전처리 기술 연구

[자격요건]
신입/경력

[기타사항]
■ 지원방법 : 홈페이지 접수 (https://career.plateer.com/c/n6MQmmpKxk)

■ 담당업무
○ 초거대 생성형 AI 기술 기반 연구
- 오픈소스 LLM 사후학습
- 성능/품질 개선을 위한 최신 기술 적용 및 테스트
- QA Task 등 추가학습
○ 데이터 전처리 기술 연구
- 데이터 수집 RPA 기술
- 텍스트 추출, 형태소 분석, NER 등
○ 초거대 생성형 AI 기술 기반 솔루션 개발
- LLM모델 기반의 API 활용을 통한 제품연계

■ 자격요건
○ 전문연구요원(현역) 자격을 갖춘 자(전직 가능)
○ 관련분야 석사 이상 학위 취득자 또는 취득 예정자(24년 8월)
- NLP(자연어 처리) 분야
- 딥러닝 분야
○관련 기술 보유자
- Linux 및 Python 프로그래밍 언어에 능숙한 분
- Pytorch와 같은 딥러닝 프레임워크에 능슥한 분

■ 우대사항
○ 오픈소스 LLM 파인튜닝 유경험자",,,
59.0,2025 샘표식품 전문연구요원 병역특례 채용,샘표식품(주) 우리발효연구중심,2025-05-20,2025-03-21,1261.0,https://work.mma.go.kr/caisBYIS/search/cygonggogeomsaekView.do?menu_id=&searchCondition=&searchKeyword=&pageUnit=10&pageIndex=6&cygonggo_no=2000000972895&jbc_cd=&byjjeopche_cd=220180217&eopjong_gbcd=2&gegyumo_cd=&eopche_nm=&sido_addr=&sigungu_addr=&jeonjik_yn=&yeokjong_brcd=&cyjemok_nm=&eopjong_gbcd_list=,"[담당업무]
R&D 부문( 바이오/화학/건강/분석/식품/자동화 공정 등 )

[자격요건]
신입/경력

[기타사항]
채용 홈페이지 R&D 모집 부문 별 세부 사항과 접수 방법은
샘표식품 채용 홈페이지 (https://sempio.recruiter.co.kr) 온라인 입사지원
내용을 확인해 주시길 바랍니다.

*아래 링크로 접속하시면 상세 내용을 확인할 수 있습니다
https://sempio.recruiter.co.kr/app/jobnotice/view?systemKindCode=MRS2&jobnoticeSn=46974",,,
60.0,[애자일소다] Document AI Researcher AI 전문연구요원 채용,(주)애자일소다 기업부설연구소,2025-04-30,2025-03-07,1577.0,https://work.mma.go.kr/caisBYIS/search/cygonggogeomsaekView.do?menu_id=&searchCondition=&searchKeyword=&pageUnit=10&pageIndex=6&cygonggo_no=2000000953302&jbc_cd=&byjjeopche_cd=220200266&eopjong_gbcd=2&gegyumo_cd=&eopche_nm=&sido_addr=&sigungu_addr=&jeonjik_yn=&yeokjong_brcd=&cyjemok_nm=&eopjong_gbcd_list=,"[담당업무]
비구조 데이터 문서 처리 솔루션 내 신규 모델 개발

[자격요건]
신입/경력

[기타사항]
agilesodamso@ agilesoda.ai 로 이력서를 접수해 주시기 바랍니다.

메일 제목 예시 : [전문연구요원 지원] 애자일소다_홍길동

[ 주요업무 ]

• 비구조 데이터 문서 처리 솔루션 내 신규 모델 개발

• OCR 및 CV, NLP 등 기 개발 모델 유지 보수 및 고도화

• Document AI 관련 신규 기술 research

[필수자격요건]

• Python 등 프로그래밍 언어 경험

• Tensorflow, PyTorch 등 Machine Learning Framework 활용 경험

• CV, NLP 등 Document AI 관련 모델 개발 경험

• 다양한 협업 환경에서 일할 수 있는 능력

• 훌륭한 의사 소통 능력


[우대사항]

• 관련 분야(수학, 통계, 컴퓨터 공학 등) 석사 이상 전공자

• Document AI를 위한 데이터 수집, 정제, 및 데이터 구축 경험

• CVPR, ICCV, ECCV, NeurIPS, AAAI, IEEE, EMNLP 등

• 저널/학회 논문 저자 또는 참여


[복리후생]

• 시차출퇴근제도 시행

• 명절 선물지급

• 생일 상품권 지급

• 음료 무한 제공

• 경조휴가 및 경조금 지급

• 동료추천 포상금

• 장기 근속 포상제도

• 직무 발명 포상제도

• 스톡옵션 제도

• 인센티브 지급

• 점심식대 실비지원 등



[전형절차]

서류전형

1차면접 (실무진 면접)

2차면접 (임원 면접)

최종합격",,,
61.0,[애자일소다] LLM Researcher AI 전문연구요원 채용,(주)애자일소다 기업부설연구소,2025-04-30,2025-03-07,1550.0,https://work.mma.go.kr/caisBYIS/search/cygonggogeomsaekView.do?menu_id=&searchCondition=&searchKeyword=&pageUnit=10&pageIndex=7&cygonggo_no=2000000953889&jbc_cd=&byjjeopche_cd=220200266&eopjong_gbcd=2&gegyumo_cd=&eopche_nm=&sido_addr=&sigungu_addr=&jeonjik_yn=&yeokjong_brcd=&cyjemok_nm=&eopjong_gbcd_list=,"[담당업무]
LLM post training을 위한 데이터 수집 및 정제

[자격요건]
신입/경력

[기타사항]
agilesodamso@ agilesoda.ai 로 이력서를 접수해 주시기 바랍니다.

메일 제목 예시 : [전문연구요원 지원] 애자일소다_홍길동

[ 주요업무 ]

• LLM post training을 위한 데이터 수집 및 정제

• LLM Post train 방법론 연구 및 개발

• LLM serving 환경 구축 및 실험

• Generative AI 신규 기술 Research


[필수자격요건]

• Python 등 프로그래밍 언어 경험

• Tensorflow, PyTorch 등 Machine Learning Framework 활용 경험

• LLM Post-training 및 관련 python 라이브러리 사용 경험 (transformers, peft, accelerate 등)

• 다양한 협업 환경에서 일할 수 있는 능력

• 훌륭한 의사 소통 능력

[우대사항]

• 관련 분야(수학, 통계, 컴퓨터 공학 등) 석사 이상 전공자

• LLM Post-training을 위한 데이터 수집, 정제, 및 데이터 구축 경험

• Docker 수행 능력

• CVPR, ICCV, ECCV, NeurIPS, AAAI, IEEE, EMNLP 등

• 저널/학회 논문 저자 또는 참여



[복리후생]

• 시차출퇴근제도 시행

• 명절 선물지급

• 생일 상품권 지급

• 음료 무한 제공

• 경조휴가 및 경조금 지급

• 동료추천 포상금

• 장기 근속 포상제도

• 직무 발명 포상제도

• 스톡옵션 제도

• 인센티브 지급

• 점심식대 실비지원 등



[전형절차]

서류전형

1차면접 (실무진 면접)

2차면접 (임원 면접)

최종합격",,,
62.0,[병역특례 연구소 전담인력] 기계기구설계 / 레이저용접 관련 연구소 전담인력 채용 건,(주)엘프시스템기술연구소,2025-04-30,2025-01-03,3143.0,https://work.mma.go.kr/caisBYIS/search/cygonggogeomsaekView.do?menu_id=&searchCondition=&searchKeyword=&pageUnit=10&pageIndex=7&cygonggo_no=2000000855289&jbc_cd=&byjjeopche_cd=220250140&eopjong_gbcd=2&gegyumo_cd=&eopche_nm=&sido_addr=&sigungu_addr=&jeonjik_yn=&yeokjong_brcd=&cyjemok_nm=&eopjong_gbcd_list=,"[담당업무]
자동화 기계 설계 및 기구설계 개발/관리, 신기술 R&D, 정부과제 등

[자격요건]
신입/경력

[기타사항]
주식회사 엘프시스템은 레이저 용접 자동화 장비와 수소연료전지 제조 장비를 전문으로 하는 혁신적인 기술 기업입니다. 20년 이상 축적된 기술력과 미래 산업에 대한 비전을 바탕으로, 고객 맞춤형 솔루션을 제공하며 시장에서 독보적인 경쟁력을 확보하고 있습니다.
엘프시스템은 수소연료전지 스택금속분리판 제조 기술과 레이저 용접 자동화 장비 개발을 통해 생산 효율성과 품질을 혁신적으로 향상시키며, 저탄소·친환경 에너지 산업에서 성장해 나가고 있습니다.
우리는 기술 혁신을 통해 수소 경제 시대를 선도하며, 지속 가능한 미래를 만들어가고자 노력합니다. 도전과 열정을 가진 인재들과 함께 성장하며, 국내외에서 강소기업으로 자리매김할 엘프시스템의 비전에 함께 성장할 인재들을 적극적으로 영입하고 있습니다.",,,
63.0,[병역특례] APP 개발자 모집,수퍼빈(주) robotics lab(연구소),2025-04-30,2025-03-18,1180.0,https://work.mma.go.kr/caisBYIS/search/cygonggogeomsaekView.do?menu_id=&searchCondition=&searchKeyword=&pageUnit=10&pageIndex=7&cygonggo_no=2000000967898&jbc_cd=&byjjeopche_cd=220250057&eopjong_gbcd=2&gegyumo_cd=&eopche_nm=&sido_addr=&sigungu_addr=&jeonjik_yn=&yeokjong_brcd=&cyjemok_nm=&eopjong_gbcd_list=,"[담당업무]
React Native를 활용한 신규 Android/iOS 앱 개발 및 기존 수퍼빈 앱(React Native + Webview)의 운영 및 유지보수

[자격요건]
신입/경력

[기타사항]
자격 요건
ㆍReact Native 프레임워크 기반의 앱 개발 및 스토어 릴리즈 경험이 있으신 분
ㆍNext.js, React.js, Angular.js 등 모던 웹 프레임워크를 활용한 개발 경험이 있으신 분
ㆍBackend API와의 연동 및 협업 경험이 있으신 분
ㆍ인터랙티브한 UI 구현 경험이 있으신 분
ㆍTypescript 및 MVVM 패턴 아키텍처에 대한 이해가 있으신 분

우대 사항
ㆍAndroid/iOS Native 앱 개발 실무 경험이 있으신 분
ㆍFigma 등 디자인 툴을 활용한 협업 경험이 있으신 분
ㆍGit, Jira 등 업무 협업 툴 사용에 익숙하신 분
ㆍ기술 리딩 및 프로젝트 리딩 경험이 있으신 분",,,
64.0,[서울 성동구/전문연구요원] SaaS 솔루션 개발자,크레비스파트너스 기술연구소,2025-05-13,2025-03-14,1284.0,https://work.mma.go.kr/caisBYIS/search/cygonggogeomsaekView.do?menu_id=&searchCondition=&searchKeyword=&pageUnit=10&pageIndex=7&cygonggo_no=2000000963095&jbc_cd=&byjjeopche_cd=220200141&eopjong_gbcd=2&gegyumo_cd=&eopche_nm=&sido_addr=&sigungu_addr=&jeonjik_yn=&yeokjong_brcd=&cyjemok_nm=&eopjong_gbcd_list=,"[담당업무]
SaaS 솔루션 개발자

[자격요건]
신입/경력

[기타사항]
1. 회사소개
- 회사 홈페이지 : https://www.crevisse.com

2. 주요업무
SaaS 솔루션 엔지니어는 SaaS형 소프트웨어를 개발하여 고객의 문제를 해결하고, 선행연구를 통해 새로운 기회를 탐색합니다.
도너스 솔루션 (https://donus.org), 임팩트웨이브 (https://impactwave.city) 연구개발을 수행합니다

- 제품 설계 및 개발 (50%) : 아키텍쳐 설계, 상세기능 개발, 코드리뷰 및 테스트
- 제품 운영 및 신뢰성 엔지니어링 (30%) : 제품운영, 기술운영, 신뢰성 엔지니어링
- 신제품 및 신기술 개발 (20%) : 제품기획, 기술분석, 프로토타입 개발 및 개선

3. 자격요건
- OOP에 대한 기본적인 이해를 갖춘 분 (.NET, Java, Python, Node.js 등 기술스택 무관)
- 구조적이고 효율적인 코드를 작성하는 것을 즐기는 분
- 좋은 제품을 만들기 위해 상호 배려하면서 소통할 수 있는 분
- 새로운 기술의 탐색을 즐기는 한편 적용에는 신중한 균형잡힌 시각을 갖추고자 하는 분

4. 우대사항
- 비즈니스 솔루션 개발 경험자 (CRM, ERP 등)
- Multi-Tenant SaaS 소프트웨어 개발 경험자
- 대량 결제, 메시징 시스템 개발 경험자
- TDD 기반 개발 경험자
- 전문연구요원 신규편입/전직 가능자

5. 전형 절차
서류전형 → 1차 면접 (technical interview, remote) → (신입) 온라인 코딩 테스트→ 2차 면접 (fit interview, on-site)

6. 지원방법
회사 홈페이지 지원 : https://bit.ly/3Bf6AhH",,,
65.0,[서울/전문연구요원] 로봇 임베디드 회로 개발자 채용,(주)로브로스 기업부설연구소,2025-04-30,2025-03-13,1384.0,https://work.mma.go.kr/caisBYIS/search/cygonggogeomsaekView.do?menu_id=&searchCondition=&searchKeyword=&pageUnit=10&pageIndex=7&cygonggo_no=2000000961902&jbc_cd=&byjjeopche_cd=220250018&eopjong_gbcd=2&gegyumo_cd=&eopche_nm=&sido_addr=&sigungu_addr=&jeonjik_yn=&yeokjong_brcd=&cyjemok_nm=&eopjong_gbcd_list=,"[담당업무]
로봇 임베디드 회로 및 전장

[자격요건]
신입/경력

[기타사항]
안녕하세요!

F&B 자동화 시장의 혁신을 선도하며, 로봇과 함께하는 미래를 만들어가는 (주)로브로스입니다.


저희는 성수에서 ‘BETTER THAN YOURS.’ 로봇 카페를 런칭하여 운영하고 있으며,

로봇 기술과 F&B 서비스의 융합을 통해 고객들에게 새로운 경험과 감동을 선사하고 있습니다.


현재 저희 회사는 학습 기반의 휴머노이드 제어, AI 휴머노이드 플랫폼 개발 등

로봇 관련 다양한 첨단 연구를 진행하고 있습니다.

이 과정에서 함께 열정을 발휘하고, 기술 발전에 기여하실 연구원을 찾고 있습니다.


최첨단 기술에 대한 관심과 로봇 임베디드 시스템에 대한 열정을 가지신 분이라면,

저희와 함께 성장하며 꿈을 실현할 수 있는 기회를 만나보세요!


회사 정보 및 업무에 대한 자세한 내용은 아래 링크를 통해 확인하실 수 있습니다.

- 회사 정보 : https://robros.notion.site/f1f1cf159d6749539b37843733dea3c4

- 회사 유튜브 채널 : https://www.youtube.com/@ROBROS_robot




[ 모집 부문 및 상세 내용 ]

- 학 력 : 석사 이상 (로봇공학, 기계공학, 컴퓨터공학 등 로봇 관련 전공자 우대)

- 업무 범위 : 링크 참조 (https://robros.notion.site/f1f1cf159d6749539b37843733dea3c4)

- 우대 사항 : 로봇 동아리 활동 경험이 있으신 분

- 지원 방법 : 병역일터 또는 사람인 통해서 지원




*** 편하게 지원해 주세요!

성수에 위치한 로봇 카페에서 티타임을 가지며, 회사의 비전과 맡아주실 업무에 대해 소개해드릴 예정입니다. ***",,,
66.0,AI/ML Engineer 모집,(주)플립션코리아 기업부설연구소,2025-04-25,2025-03-13,1402.0,https://work.mma.go.kr/caisBYIS/search/cygonggogeomsaekView.do?menu_id=&searchCondition=&searchKeyword=&pageUnit=10&pageIndex=7&cygonggo_no=2000000962089&jbc_cd=&byjjeopche_cd=220250064&eopjong_gbcd=2&gegyumo_cd=&eopche_nm=&sido_addr=&sigungu_addr=&jeonjik_yn=&yeokjong_brcd=&cyjemok_nm=&eopjong_gbcd_list=,"[담당업무]
생성형 AI를 통한 이미지 콘텐츠 생성 알고리즘 개발

[자격요건]
신입/경력

[기타사항]
플립션에 합류하고 맡게 될 역할

- 생성형 AI를 통한 콘텐츠 생성 알고리즘 개발 (예: 가상 인물 제작, 가상 피팅 등)

- Segmentation, Matting, Detection, Classification 등 이미지 전/후처리 알고리즘 설계 및 활용

- 개발한 AI 모델 알고리즘을 서비스에 배포할 수 있도록 추론 코드 작성 및 최적화


플립션에 합류하기 위한 자격 요건

- Python, Java 또는 C++ 등 1가지 이상의 프로그래밍 언어에 능숙

- Pytorch 또는 Tensorflow를 활용하여 ML 모델 구현 가능

- 생성형 AI 모델 설계/개발/배포 프로젝트 경험

- 복잡한 인공지능 알고리즘 설계를 비전문가에게 논리적으로 설명할 수 있는 소통 역량


우대 사항

- RESTful API를 이용하여 AI 모델 배포 경험 (예: Flask, FastAPI)

- Docker/Kubernetes를 사용한 컨테이너 기반 환경 구축 경험

- AWS (예: SageMaker, Lambda, EC2) 환경에서 머신러닝 모델 배포 경험

- 데이터 파이프라인 설계 및 배포 경험

- 유관 프로젝트 진행 경험",,,
67.0,㈜캠시스 CM연구소 프로세스 엔지니어 채용,(주)캠시스 CM연구소,2025-04-30,2025-03-06,1494.0,https://work.mma.go.kr/caisBYIS/search/cygonggogeomsaekView.do?menu_id=&searchCondition=&searchKeyword=&pageUnit=10&pageIndex=7&cygonggo_no=2000000952696&jbc_cd=&byjjeopche_cd=220250036&eopjong_gbcd=2&gegyumo_cd=&eopche_nm=&sido_addr=&sigungu_addr=&jeonjik_yn=&yeokjong_brcd=&cyjemok_nm=&eopjong_gbcd_list=,"[담당업무]
1) 개발 모델 설비 셋업 및 SPL 제작 2) 원/부자재 이원화 검토 3) 개발 단계별 불량 분석 및 개선 진행 등

[자격요건]
신입/경력

[기타사항]
1. 담당업무
1) 개발 모델 설비 셋업 및 SPL 제작
2) 원/부자재 이원화 검토
3) 개발 단계별 불량 분석 및 개선 진행
4) 공정 개선 및 원가 절감 Item 검토
5) 신규 설비 공정 검토

2. 지원자격
1) 전기/전자/기계/산업공학 관련 전공

3. 우대사항
1) Auto-CAD / 3D
2) 영어, 베트남어, 중국어 가능자

4. 급여
신입 : 3,700만원
경력 : 4,000만원",,,
68.0,(주)케이비엘러먼트 기업부설연구소 전문연구요원모집,(주)케이비엘러먼트 기업부설연구소,2025-04-30,2025-03-11,1472.0,https://work.mma.go.kr/caisBYIS/search/cygonggogeomsaekView.do?menu_id=&searchCondition=&searchKeyword=&pageUnit=10&pageIndex=7&cygonggo_no=2000000959093&jbc_cd=&byjjeopche_cd=220230105&eopjong_gbcd=2&gegyumo_cd=&eopche_nm=&sido_addr=&sigungu_addr=&jeonjik_yn=&yeokjong_brcd=&cyjemok_nm=&eopjong_gbcd_list=,"[담당업무]
그래핀 및 그래핀 응용 제품 연구 및 개발 업무

[자격요건]
신입/경력

[기타사항]
보충역 전문연구요원 충원",,,
69.0,[베르티스] 기업부설연구소 전문연구요원(보충역) 채용,(주)베르티스기업부설연구소,2025-04-30,2025-03-10,1518.0,https://work.mma.go.kr/caisBYIS/search/cygonggogeomsaekView.do?menu_id=&searchCondition=&searchKeyword=&pageUnit=10&pageIndex=7&cygonggo_no=2000000956493&jbc_cd=&byjjeopche_cd=220220042&eopjong_gbcd=2&gegyumo_cd=&eopche_nm=&sido_addr=&sigungu_addr=&jeonjik_yn=&yeokjong_brcd=&cyjemok_nm=&eopjong_gbcd_list=,"[담당업무]
생물정보학 기반 질병 바이오마커, 약물 타켓 발굴 또는 질량분석 서비스 지원

[자격요건]
신입/경력

[기타사항]
공고 확인 :
https://www.saramin.co.kr/zf_user/jobs/relay/view?rec_idx=50195912&view_type=search

지원방법 : 사람인",,,
70.0,[아기유니콘][STCLab] Backend Engineer,(주)에스티씨랩 기업부설연구소,2025-05-01,2025-02-20,2050.0,https://work.mma.go.kr/caisBYIS/search/cygonggogeomsaekView.do?menu_id=&searchCondition=&searchKeyword=&pageUnit=10&pageIndex=7&cygonggo_no=2000000930890&jbc_cd=&byjjeopche_cd=220240021&eopjong_gbcd=2&gegyumo_cd=&eopche_nm=&sido_addr=&sigungu_addr=&jeonjik_yn=&yeokjong_brcd=&cyjemok_nm=&eopjong_gbcd_list=,"[담당업무]
Backend Engineer

[자격요건]
신입/경력

[기타사항]
[상세내용 및 지원하기]
https://career.stclab.com/job_posting/ovghy8Fp",,,
71.0,모아데이타 전문연구요원 채용,(주)모아데이타 기업부설연구소,2025-05-04,2025-03-05,1610.0,https://work.mma.go.kr/caisBYIS/search/cygonggogeomsaekView.do?menu_id=&searchCondition=&searchKeyword=&pageUnit=10&pageIndex=8&cygonggo_no=2000000949097&jbc_cd=&byjjeopche_cd=220250073&eopjong_gbcd=2&gegyumo_cd=&eopche_nm=&sido_addr=&sigungu_addr=&jeonjik_yn=&yeokjong_brcd=&cyjemok_nm=&eopjong_gbcd_list=,"[담당업무]
AI 관련 기술 조사 및 연구

[자격요건]
신입/경력

[기타사항]
[주요업무]
• 이상 탐지 / NLP / 클러스터링 / 추천 알고리즘 중 1개 주제 연구
• AI 관련 기술 조사 및 연구
• 데이터 마이닝 또는 다양한 데이터소스로부터 사용 가능한 데이터 추출
• 기계 학습 도구를 사용하여 최적화된 데이터 분석 도출
• 정형 및 비정형 데이터의 전처리
• 관련 모든 정보가 포함되도록 데이터 수집 절차 개선
• 분석에 사용할 데이터 처리, 정리 및 무결성 검증
• 예측 시스템 및 기계 학습 알고리즘 연구 개발
• 연구 결과에 대한 레포트 및 논문 작성

[자격요건]
• 전공 : 컴퓨터 공학, 통계학
• 나이/성별 : 무관
• 데이터 분석가, 데이터 과학자 실무 경험자
• R, Python와 같은 통계 및 기계학습 프로그래밍 능숙자
• SQL, Hive, Pig 등 데이터베이스 및 데이터 웨어하우스 쿼리 언어 능숙자
• 통계 검정, 분포, 회귀 등 통계 지식에 능통
• DNN, SVM, KNN 등 각종 기계학습 능숙자
• Autoencoder, Attention Learning 등 최신 기술에 대한 깊은 이해

[우대사항]
• 관련 전공 박사 이상
• Neural network 관련 논문 보유자
• 각종 대회 입상자",,,
72.0,[서울] (주)오셔닉 해양환경연구소 전문연구요원 모집,(주)오셔닉 해양환경연구소,2025-04-27,2024-11-29,5506.0,https://work.mma.go.kr/caisBYIS/search/cygonggogeomsaekView.do?menu_id=&searchCondition=&searchKeyword=&pageUnit=10&pageIndex=8&cygonggo_no=2000000808890&jbc_cd=&byjjeopche_cd=220240216&eopjong_gbcd=2&gegyumo_cd=&eopche_nm=&sido_addr=&sigungu_addr=&jeonjik_yn=&yeokjong_brcd=&cyjemok_nm=&eopjong_gbcd_list=,"[담당업무]
1. 소프트웨어 개발 2. 전산 통계 및 처리 3. 컴퓨터 언어 프로그래밍

[자격요건]
신입/경력

[기타사항]
[모집분야]
모집분야 : 1. 소프트웨어 개발 2. 전산 통계 및 처리 3. 컴퓨터 언어 프로그래밍
고용형태 : 정규직(수습3개월)
경력사항 : 신입 또는 경력
급여조건 : 3800~4000만원 (면접 후 결정)
전형절차 : 1차 서류전형→ 2차 면접(서류전형 합격자에 한해 개별통보)→ 최종합격
제출서류 : 이력서 및 자기소개서 (자율양식), 졸업증명서, 성적증명서 각 1부씩
※접수 방법: 이메일 접수, 자사 홈페이지 공지사항 확인 필.수.※
http://www.oceaniccnt.com/board/index.html?id=notice

[ 필수사항 ]
- 관련 전공 석사 이상, 전문연구요원 대상자

[ 우대사항 ]
- 관련 전공자
- 해당직무 유경험자
- C++, 리눅스, Python",,,
73.0,연합인포맥스 IT/AI 부문(전문연구요원 포함) 신입/경력 사원 모집,(주)연합인포맥스 금융공학연구소,2025-04-25,2025-02-25,1978.0,https://work.mma.go.kr/caisBYIS/search/cygonggogeomsaekView.do?menu_id=&searchCondition=&searchKeyword=&pageUnit=10&pageIndex=8&cygonggo_no=2000000937897&jbc_cd=&byjjeopche_cd=220200254&eopjong_gbcd=2&gegyumo_cd=&eopche_nm=&sido_addr=&sigungu_addr=&jeonjik_yn=&yeokjong_brcd=&cyjemok_nm=&eopjong_gbcd_list=,"[담당업무]
IT/AI

[자격요건]
신입/경력

[기타사항]
당사 홈페이지(https://recruit.einfomax.co.kr) 에서 입사지원서, 자기소개서 작성 및 제출 부탁드립니다.",,,
,"[병특]AI 엔지니어 모집
											




IT/정보통신 > 응용프로그래머 > Embedded",주식회사 젠티,2025-08-31,,,https://www.rndjob.or.kr/info/sp_eview01.asp?gno=00169619&page=1>ype=&sfield=>xt=&catecd=&areacd=&bizcd=&schoolcd=&careercd=&empcd=&gcnt=&ste=&agecd=,"[담당업무]
['LLM 모델ㆍ거대언어모델(LLM) 사전학습, 전이학습, 미세조정 등 최신 모델 연구 및 구현(최신 기술에 관심이 많고, 최신 논문을 이해하고 모델 구현을 즐겁게 하실 수 있는 분) ㆍ다양한 학습을 통한 언어모델 성능개선 및 최적화ㆍ아키텍처 설계, 모델 서빙, 인퍼런스 최적화LLM 기반 서비스ㆍ문서관리 솔루션 내 parser Table인식 모델 등 모델 고도화문서관리 솔루션 내 parser, Table인식 모델 등 모델 고도화ㆍSTT, TTS 등 음성인식 모델 고도화ㆍ아키텍처 설계, 모델 서빙, 인퍼런스 최적화딥러닝 연구ㆍ3D 객체 탐지 및 추적 관련 기술 연구']

[자격요건]
['ㆍ학력 : 전산, 통계, 컴퓨터공학 및 수학·물리 등 병무청에서 인정하는 자연계열, 공학계열 석사 이상의 학위를 취득한 분 (석ㆍ박사 통합과정 수료 포함)ㆍ경력 : 신입·경력ㆍ수습 : 3개월']

[우대사항]
['ㆍ전공 : 전산학·컴퓨터공학, 응용소프트웨어공학, 수학·물리ㆍ고객사의 요구사항을 모델 구조 개선, 알고리즘 개발, 추가 학습 등을 통하여 구현한 경험ㆍ모델/서비스 개발 중 집념을 가지고 문제를 해결 해 본 경험']

[기타사항]
['']","신입/경력
대학원 석사졸업","서울 
병역특례",온라인지원
,"[베스텔라랩] 빅데이터 개발자 채용합니다. 많은 참여 바랍니다.
											




IT/정보통신 > 데이터베이스 > My-SQL, SQL",베스텔라랩,2025-05-26,,,https://www.rndjob.or.kr/info/sp_eview01.asp?gno=00161180&page=1>ype=&sfield=>xt=&catecd=&areacd=&bizcd=&schoolcd=&careercd=&empcd=&gcnt=&ste=&agecd=,"[담당업무]
['* 사용기술- React, React Native, Java, JavaScript, Python, Spring, Framework, AWS, Git, 리눅스, PHP 등* 주요업무- 주차 내비게이션 서비스 빅데이터 플랫폼 구축 업무- Data Analyst    - 주차 내비게이션 서비스에서 수집된 Data 분석 및 의미있는 데이터를 통계적으로 파악하고 알고리즘 제안- Data Scentis    - DATA분석 결과를 알고리즘으로 변화 및 비즈니스 조직 구현 및 알고리즘 설계- Data Engineer    - DATA를 수집하는 파이프라인 제작 및 데이터 수집기 개발 업무    - 머신러닝에 필요한 전/후처리 업무    - 알고리즘 코드화 및 개발']

[자격요건]
['- 개발 전공자(소프트웨어, 컴퓨터공학 등)- Pyton, SAS, R, SQL 등 프로그램 가능자- 컴퓨터 및 수학, 통계 관련 전공자- 빅데이터 플랫폼 구축에 이해도가 높거나 관심이 많으신 분- Java (Spring Boot) 소스코드 이해 및 개발 가능']

[우대사항]
['- 자율주행 및 빅테이터 플랫폼 구축 유경험자- OpenCV 유경험자- 관련 학과 석/박사 및 자격증 소유자']

[기타사항]
['# 베스텔라랩이 더욱 궁금하시다면?└ www.vestellalab.com└ https://free-baboon-7c9.notion.site/5476d127f64c48d792400ed70e9323f1']","신입/경력
대학원 석사졸업","경기 
병역특례",온라인지원
,"[베스텔라랩] 실내 내비게이션 연구/개발 채용합니다. 많은 참여 바랍니다.
											




IT/정보통신 > 응용프로그래머 > C/C++, GIS, Embedded",베스텔라랩,2025-05-26,,,https://www.rndjob.or.kr/info/sp_eview01.asp?gno=00169582&page=1>ype=&sfield=>xt=&catecd=&areacd=&bizcd=&schoolcd=&careercd=&empcd=&gcnt=&ste=&agecd=,"[담당업무]
['- 내비게이션 서비스 측위 기술 연구/개발- 센서 기반 측위 기술 연구/개발- GPS 및 AIoT기반 측위 기술 연구/개발- 라이다, 카메라, BLE 등의 인식 센서 기반 측위 기술 연구/개발- 융합형 필터 / 머신러닝 측위 기술 연구/개발']

[자격요건]
['- 컴퓨터공학, 전자공학, 기계공학, 물리학, 통계학 관련 전공- 센서 및 GPS 신호 분석, 응용 알고리즘 개발- Embedded SW개발(C / C++)- 데이터 분석(Matlab 또는 Python)- C++ 및 Python 프로그래밍 능력- Linux 상 프로그램 개발 능력- ROS에 대한 이해']

[우대사항]
['- 측위기술 과제 경험, Embedded 시스템 구현 경험- 머신러닝기반 알고리즘 개발 경험- 자율주행 시스템의 전반적인 구조에 대한 이해- SLAM, Kalman filter, 차량 동력학(Vehicle dynamics)에 대한 이해- 실제 인식 센서 활용 경험']

[기타사항]
['# 베스텔라랩이 더욱 궁금하시다면?└ www.vestellalab.com└ https://free-baboon-7c9.notion.site/5476d127f64c48d792400ed70e9323f1']","신입/경력
대학원 석사졸업","경기 
병역특례",온라인지원
,"[베스텔라랩] 자율주행 연구원 채용합니다. 많은 참여 바랍니다.
											




IT/정보통신 > 응용프로그래머 > C/C++, GIS, Embedded",베스텔라랩,2025-05-26,,,https://www.rndjob.or.kr/info/sp_eview01.asp?gno=00167624&page=1>ype=&sfield=>xt=&catecd=&areacd=&bizcd=&schoolcd=&careercd=&empcd=&gcnt=&ste=&agecd=,"[담당업무]
['* 사용기술- ROS, Python, Git, 리눅스 등* 주요업무- 자율주행차량 제어 프로그램 개발- 측위 알고리즘 개선 및 엔진 고도화- 라이다, 카메라, BLE 등의 다양한 이동체 탑재 센서 기반 측위 알고리즘 개발- 새로운 기술개발 R&D 사업 기획, 시장 조사']

[자격요건]
['- 2년이상 경력자- C++ 혹은 Python 프로그래밍 능력- 국영문 학술논문 등 전문 아티클 리딩 능력- 새로운 영역 및 분야 리서치 능력(*전문용어를 기반으로 통합적 사고력 및 이해 능력)- 논리적인 사고 및 접근 방법']

[우대사항]
['- 센서 및 GPS 신호분석, 응용 알고리즘 개발 이해도 보유- Embedded SW개발 (C / C++)- 데이터 분석 (Matlab 또는 Python)- ROS에 대한 이해- 측위기술, Embedded 시스템 구현 경험- 머신러닝기반 알고리즘 개발 경험- 자율주행 시스템의 전반적인 구조에 대한 이해- SLAM, Kalman filter, 차량 동력학(Vehicle dynamics)에 대한 이해']

[기타사항]
['# 베스텔라랩이 더욱 궁금하시다면?└ www.vestellalab.com└ https://free-baboon-7c9.notion.site/5476d127f64c48d792400ed70e9323f1']","신입/경력
대학원 석사졸업","경기 
병역특례",온라인지원
,"[베스텔라랩] 풀스택(Java) 개발자 채용합니다. 많은 참여 바랍니다.
											




IT/정보통신 > 데이터베이스 > My-SQL, SQL",베스텔라랩,2025-05-26,,,https://www.rndjob.or.kr/info/sp_eview01.asp?gno=00161181&page=1>ype=&sfield=>xt=&catecd=&areacd=&bizcd=&schoolcd=&careercd=&empcd=&gcnt=&ste=&agecd=,"[담당업무]
['* 사용기술- Java, JavaScript, Spring Framework, React, React Native, Git, Html/CSS, Node.js, MySQL 등* 주요업무- 프론트 개발- 백엔드 개발- 주차 내비게이션 서비스 운영 및 모니터링 시스템 개발']

[자격요건]
['- 2년이상 개발경력자- 개발 전공자(소프트웨어, 컴퓨터공학 등)- Rest API를 통한 통신에 대해 이해하고 있는 분- Spring을 이용한 서비스 개발 경험이 있는 분- SQL 또는 NoSQL DB 사용 경험이 있으신 분- 프로젝트 형상 관리 경험이 있는 분(Git)']

[우대사항]
['- FrontEnd Framework(React, Angular, Vue)를 이용한 서비스 개발 경험이 있는 분- AWS(EC2, EB)를 통한 배포 경험이 있으신 분- 메트릭/로그 시각화(Grafana) 경험이 있는 분- 배포 자동화 관련 경험이 있는 분- 노션(Notion), 피그마(Figma)를 통한 협업 경험이 있으신 분']

[기타사항]
['# 베스텔라랩이 더욱 궁금하시다면?└ www.vestellalab.com└ https://free-baboon-7c9.notion.site/5476d127f64c48d792400ed70e9323f1']","신입/경력
대학원 석사졸업","경기 
병역특례",온라인지원
,"[베스텔라랩] 영상 처리 연구/개발 채용합니다. 많은 참여 바랍니다.
											




IT/정보통신 > 응용프로그래머 > C/C++, Java",베스텔라랩,2025-05-26,,,https://www.rndjob.or.kr/info/sp_eview01.asp?gno=00161183&page=1>ype=&sfield=>xt=&catecd=&areacd=&bizcd=&schoolcd=&careercd=&empcd=&gcnt=&ste=&agecd=,"[담당업무]
['* 사용기술- C, C  , Python, YOLO, OpenCV 등* 주요업무- 주차 내비게이션 솔루션 개발 및 유지보수(LPR,']

[자격요건]
['- 개발 전공자(소프트웨어, 컴퓨터공학 등)- C, C++, C#, Python, Java 등으로 영상처리 프로그램 가능자- 컴퓨터 비전 관련 응용프로그램 개발 가능자- Python 소스코드 이해 및 개발 가능- Java (Spring Boot) 소스코드 이해 및 개발 가능- OpenCV- 화재 감지 알고리즘 개발 경험: 딥러닝, 머신러닝을 활용한 화재 감지 기술 구현 및 최적화 경험']

[우대사항]
['- AI 이미지 인식 관련 기본 지식 (CNN등)- AI Training/Inference 경험- 웹 어플리케이션 개발 및 운영- Rest API 대한 이해 및 개발 가능- RDBMS에 대한 이해 및 개발 가능- 팀워크 및 원활한 커뮤니케이션 능력- AWS or GCP 사용 경험 있으신 분']

[기타사항]
['# 베스텔라랩이 더욱 궁금하시다면?└ www.vestellalab.com└ https://free-baboon-7c9.notion.site/5476d127f64c48d792400ed70e9323f1']","신입/경력
대학원 석사졸업","경기 
병역특례",온라인지원
,"[베스텔라랩] App(React Native) 개발자 채용합니다. 많은 참여 바랍니다.
											




IT/정보통신 > 응용프로그래머 > Java, Android, IOS",베스텔라랩,2025-05-26,,,https://www.rndjob.or.kr/info/sp_eview01.asp?gno=00161179&page=1>ype=&sfield=>xt=&catecd=&areacd=&bizcd=&schoolcd=&careercd=&empcd=&gcnt=&ste=&agecd=,"[담당업무]
['* 사용기술- React, React Native, Java, JavaScript, Git, Html/CSS 등* 주요업무- 주차 내비게이션 서비스 application(React Native) 개발- 주차 내비게이션 서비스 application 운용 및 개선- 주차 내비게이션 서비스 application 프로젝트 효율성/생산성 향상']

[자격요건]
['- 2년이상 개발경력자- Rest API를 통한 통신에 대해 이해하고 있는 분- 프로젝트 형상 관리 경험이 있는 분(Git)']

[우대사항]
['- 다양한 분야의 프로젝트 경험이 있는 분- 다양한 분야의 사람들과 의사소통이 원활한 분- 노션(Notion), 피그마(Figma)를 통한 협업 경험이 있으신 분']

[기타사항]
['# 베스텔라랩이 더욱 궁금하시다면?└ www.vestellalab.com└ https://free-baboon-7c9.notion.site/5476d127f64c48d792400ed70e9323f1']","신입/경력
대학원 석사졸업","경기 
병역특례",온라인지원
,"부설연구소 연구원 신입/경력 채용
											




연구개발 > 기계/금속/자동차 > 금속, 금속재료, 소재",하나에이엠티 주식회사,2025-06-30,,,https://www.rndjob.or.kr/info/sp_eview01.asp?gno=00169038&page=1>ype=&sfield=>xt=&catecd=&areacd=&bizcd=&schoolcd=&careercd=&empcd=&gcnt=&ste=&agecd=,"[담당업무]
['']

[자격요건]
['']

[우대사항]
['']

[기타사항]
['']","무관
대학원 석사졸업","충북 
병역특례",온라인지원
,"[오토엘] 펌웨어 개발자 채용
											




IT/정보통신 > 응용프로그래머 > C/C++, Embedded",오토엘,2025-05-31,,,https://www.rndjob.or.kr/info/sp_eview01.asp?gno=00169522&page=1>ype=&sfield=>xt=&catecd=&areacd=&bizcd=&schoolcd=&careercd=&empcd=&gcnt=&ste=&agecd=,"[담당업무]
['1. 라이다 신호처리 알고리즘 개발2. FPGA 제어 및 연동 프로그램3. 임베디드 소프트웨어 IP 개발']

[자격요건]
['1. 공학 계열(컴퓨터, 전기전자) 석사 이상2. C / C++ 언어 및 임베디드 리눅스 사용자']

[우대사항]
['']

[기타사항]
['']","신입
대학원 석사졸업","경기 광주 
병역특례",이메일지원
,"Computer Vision AI S/W 엔지니어 채용
											




IT/정보통신 > 응용프로그래머 > C/C++",주식회사 애드,2025-04-30,,,https://www.rndjob.or.kr/info/sp_eview01.asp?gno=00169097&page=1>ype=&sfield=>xt=&catecd=&areacd=&bizcd=&schoolcd=&careercd=&empcd=&gcnt=&ste=&agecd=,"[담당업무]
['- Computer Vision AI S/W 엔지니어링']

[자격요건]
['- Computer Vision AI 모델 엔지니어링 경험자- Python/C++ 중 사용이 가능하신 분']

[우대사항]
['- 병역특례 전문연구요원 (석사 이상)- 도메인/환경 조건을 고려하여 최적의 모델을 선정하고 개발한 경험이 있으신 분- NPU Deployment 경험이 있으신 분- Edge AI / NPU 등 모델 추론(inference) 경량화/최적화 경험이 있으신 분- 개인 Github / Gitlab 등 프로젝트 이력 증빙이 가능하신 분']

[기타사항]
['- 근무지 : (06247) 서울 강남구 역삼로 175 현승빌딩 6층 ADDD']","신입/경력
대학원 석사졸업","서울 
정규직",온라인지원
,"와이즈넛 전문연구요원 채용
											




IT/정보통신 > 응용프로그래머 > C/C++",(주)와이즈넛,2025-04-27,,,https://www.rndjob.or.kr/info/sp_eview01.asp?gno=00169456&page=2>ype=&sfield=>xt=&catecd=&areacd=&bizcd=&schoolcd=&careercd=&empcd=&gcnt=&ste=&agecd=,"[담당업무]
['[우리가 하는 일]ㆍ연구개발 조직은 와이즈넛의 자체 솔루션(검색, 수집, 챗봇, 데이터 마이닝 등)을 연구개발하고 최신 연구의 리서치 및 구현, 언어모델 구축 등의 업무를 수행하는 조직이에요. 이를 통해 와이즈넛의 연구원으로서 연구개발에 대한 전문가 역할을 수행합니다.[주요업무]ㆍ검색/수집/챗봇/데이터 마이닝 등 솔루션 연구개발ㆍ기계학습 플랫폼 관련 연구개발ㆍ딥러닝 및 언어처리 관련 연구개발']

[자격요건]
['ㆍ학력 : IT 전산 전공 석사 이상ㆍ전문연구요원 지원자의 경우, 편입 혹은 전직이 가능한 자ㆍC/C++ Java 등 OOP 언어로 개발이 가능하신 분ㆍ문제 해결을 위한 시스템적, 분석적, 창의적, 실험적 사고 능력']

[우대사항]
['[우대사항]ㆍ대화형 인공지능 기술 개발 경험ㆍ검색엔진 개발 경험자, 자연어처리 전공자ㆍ기계학습 오픈 플랫폼(Tensorflow, PyTorch 등) 경험자ㆍ빅데이터 오픈소스 플랫폼(Hadoop, Elastic, Hive, NoSQL 등) 경험자ㆍ docker, kubernetes 등 컨테이너 관련 개발 경험 보유자ㆍ 오픈 소스에 기여한 경험이 있는 자# 연구개발 조직은 이런 분과 함께 하고 싶습니다!ㆍIT 기술에 대한 지속적인 흥미와 자기개발 욕구가 있으신 분ㆍ원만한 커뮤니케이션 역량을 보유하신 분']

[기타사항]
['']","무관
대학원 석사졸업","경기 
병역특례",홈페이지지원
,"[EC솔루션연구소] 초거대 생성형 AI 기술 개발자(전문연구요원 현역)
											




IT/정보통신 > 전산/IT기술지원 > S/W 엔지니어",(주)플래티어,2025-04-24,,,https://www.rndjob.or.kr/info/sp_eview01.asp?gno=00167592&page=2>ype=&sfield=>xt=&catecd=&areacd=&bizcd=&schoolcd=&careercd=&empcd=&gcnt=&ste=&agecd=,"[담당업무]
['- 초거대 생성형 AI 기술 기반 연구  · 오픈소스 LLM 사후학습  · 성능/품질 개선을 위한 최신 기술 적용 및 테스트  · QA Task 등 추가학습- 데이터 전처리 기술 연구  · 데이터 수집 RPA 기술  · 텍스트 추출, 형태소 분석, NER 등- 초거대 생성형 AI 기술 기반 솔루션 개발  · LLM모델 기반의 API 활용을 통한 제품연계']

[자격요건]
['- 전문연구요원(현역) 자격을 갖춘 자(전직 가능)- 관련분야 석사 이상 학위 취득자  · NLP(자연어 처리) 분야    · 딥러닝 분야- 관련 기술 보유자  · Linux 및 Python 프로그래밍 언어에 능숙한 분  · Pytorch와 같은 딥러닝 프레임워크에 능슥한 분']

[우대사항]
['오픈소스 LLM 파인튜닝 유경험자']

[기타사항]
['- 지원서 상의 내용이 허위로 확인될 경우 불합격 및 입사취소가 될 수 있습니다. - 국가유공자 및 장애인 등 취업 보호 대상자는 관계 법령에 따라 우대합니다.- 본 채용은 수시 모집으로 채용 완료 시 조기 마감될 수 있습니다. - 채용 관련 문의 사항은 recruit@plateer.com으로 보내주시기 바랍니다.']","신입/경력
대학원 석사졸업","서울 
정규직, 병역특례",홈페이지지원
,"자율주행 인지 소프트웨어 엔지니어
											




IT/정보통신 > 응용프로그래머 > C/C++",에이스웍스코리아,2025-04-30,,,https://www.rndjob.or.kr/info/sp_eview01.asp?gno=00168545&page=2>ype=&sfield=>xt=&catecd=&areacd=&bizcd=&schoolcd=&careercd=&empcd=&gcnt=&ste=&agecd=,"[담당업무]
['- 라이다/카메라 기반의 AI 기반 인지 소프트웨어 개발  . DL/ML 기반   . Auto calibration 알고리즘 개발  . Depth estimation 알고리즘 개발 - 관련 연구 프로젝트 기획 및 리딩']

[자격요건]
['- 관련 분야 석사 학위 이상 - 컴퓨터공학, 전자공학 등 관련 분야 전공자 - Linear algebra, DL/ML에 대한 전공지식 - C++, Python 숙련자 - Deep learning framework(Pytorch, Tensor flow 등) 숙련자']

[우대사항]
['- 관련 분야 박사 학위 - 자율주행 관련 프로젝트 수행 경험 - Deep learning 모델 설계 경험 - MLOps 구축 혹은 관련 framework 활용 경험']

[기타사항]
['']","경력
대학원 석사졸업","서울 
정규직, 병역특례",온라인지원
,"[병역특례 전문연구요원] 도료관련 R&D 연구원
											




연구개발 > 섬유/화학/의류 > 화학, 화공, 도장/페인트",이에이바이오스(주),2025-05-31,,,https://www.rndjob.or.kr/info/sp_eview01.asp?gno=00167430&page=2>ype=&sfield=>xt=&catecd=&areacd=&bizcd=&schoolcd=&careercd=&empcd=&gcnt=&ste=&agecd=,"[담당업무]
['- 도료관련 R&D 연구원- 도료 물성 향상 연구- 국가 R&D 수행']

[자격요건]
['- 석사 학위 이상- 전문연구요원 대상자(병역특례)- 화학공학']

[우대사항]
['- 해당직무 인턴경력, 컴퓨터활용능력 우수, 문서작성 우수자, 엑셀 고급능력자, PPT능력 우수자']

[기타사항]
['']","신입/경력
대학원 석사졸업","부산 
기타, 병역특례",온라인지원
,"[인텔렉투스] 프론트엔드 개발자 전문연구요원 채용
											




IT/정보통신 > 웹프로그래머 > JAVA/JSP",주식회사 인텔렉투스,2025-04-30,,,https://www.rndjob.or.kr/info/sp_eview01.asp?gno=00169424&page=2>ype=&sfield=>xt=&catecd=&areacd=&bizcd=&schoolcd=&careercd=&empcd=&gcnt=&ste=&agecd=,"[담당업무]
['']

[자격요건]
['']

[우대사항]
['']

[기타사항]
['']","신입/경력
대학원 석사졸업","서울 
병역특례",온라인지원
,"[인텔렉투스] 임베디드 개발자 전문연구요원 채용
											




IT/정보통신 > 응용프로그래머 > Embedded",주식회사 인텔렉투스,2025-04-30,,,https://www.rndjob.or.kr/info/sp_eview01.asp?gno=00169422&page=2>ype=&sfield=>xt=&catecd=&areacd=&bizcd=&schoolcd=&careercd=&empcd=&gcnt=&ste=&agecd=,"[담당업무]
['']

[자격요건]
['']

[우대사항]
['']

[기타사항]
['']","신입/경력
대학원 석사졸업","서울 
정규직, 병역특례",온라인지원
,"[인텔렉투스] 시스템 소프트웨어 개발자 전문연구요원 채용
											




IT/정보통신 > 응용프로그래머 > C/C++",주식회사 인텔렉투스,2025-04-30,,,https://www.rndjob.or.kr/info/sp_eview01.asp?gno=00169423&page=2>ype=&sfield=>xt=&catecd=&areacd=&bizcd=&schoolcd=&careercd=&empcd=&gcnt=&ste=&agecd=,"[담당업무]
['']

[자격요건]
['']

[우대사항]
['']

[기타사항]
['']","신입/경력
대학원 석사졸업","서울 
병역특례",온라인지원
,"[인텔렉투스] 백엔드 개발자 전문연구요원 채용
											




IT/정보통신 > 데이터베이스 > SQL",주식회사 인텔렉투스,2025-04-30,,,https://www.rndjob.or.kr/info/sp_eview01.asp?gno=00169425&page=2>ype=&sfield=>xt=&catecd=&areacd=&bizcd=&schoolcd=&careercd=&empcd=&gcnt=&ste=&agecd=,"[담당업무]
['']

[자격요건]
['']

[우대사항]
['']

[기타사항]
['']","신입/경력
대학원 석사졸업","서울 
병역특례",온라인지원
,"자율주행 차량제어 개발자
											




IT/정보통신 > 응용프로그래머 > C/C++",에이스웍스코리아,2025-04-30,,,https://www.rndjob.or.kr/info/sp_eview01.asp?gno=00168541&page=2>ype=&sfield=>xt=&catecd=&areacd=&bizcd=&schoolcd=&careercd=&empcd=&gcnt=&ste=&agecd=,"[담당업무]
['- 자율주행 차량 제어 알고리즘 개발 - 차량 동역학 기반 브레이크/엑셀 페달 액추에이터 제어 알고리즘 개발 - 제어 파라미터 자동 튜닝 알고리즘 개발']

[자격요건]
['- 기계공학, 제어공학 등 관련 분야 석사 이상 - Linear algebra, 차량 동역학, 고전제어, 현대제어에 대한 전공지식 - C++, Python 숙련자 - 졸업예정자 가능']

[우대사항]
['- 실차 플랜트 대상 제어 알고리즘 설계 및 개발 경험 - 실차 플랜트 대상 제어 파라미터 튜닝 경험']

[기타사항]
['']","신입/경력
대학원 석사졸업","서울 
정규직, 병역특례",온라인지원
,"자율주행 플랫폼 SW개발자
											




IT/정보통신 > 응용프로그래머 > C/C++, Embedded",에이스웍스코리아,2025-04-30,,,https://www.rndjob.or.kr/info/sp_eview01.asp?gno=00168544&page=3>ype=&sfield=>xt=&catecd=&areacd=&bizcd=&schoolcd=&careercd=&empcd=&gcnt=&ste=&agecd=,"[담당업무]
['- 자율주행 시스템 설계 및 프로토타이핑- 자율주행 네트워크 구조 설계 및 구축- 자율주행 시스템 신호 인터페이스 설계 및 구현- 자율주행 보안시스템 설계 및 구축- 자율주행 시스템 구조 설계 및 패키징 최적화']

[자격요건]
['-  자동차공학, 기계공학, 로보틱스, 컴퓨터 공학, 전기전자 등 관련 분야 전공자-  C/C++, Python 등을 활용한 프로그래밍 프로젝트 경험-  석사 학위 이상 전문연구요원으로 복무 가능']

[우대사항]
['-  자율주행 프로젝트 수행 경험 보유자-  자율주행 시스템에 대한 전반적인 이해']

[기타사항]
['']","신입/경력
대학원 석사졸업","서울 
정규직, 병역특례",온라인지원
,"자율주행 경로생성 SW 엔지니어
											




IT/정보통신 > 응용프로그래머 > C/C++",에이스웍스코리아,2025-04-30,,,https://www.rndjob.or.kr/info/sp_eview01.asp?gno=00168089&page=3>ype=&sfield=>xt=&catecd=&areacd=&bizcd=&schoolcd=&careercd=&empcd=&gcnt=&ste=&agecd=,"[담당업무]
['- 자율주행 경로 생성 알고리즘 개발- 특수 목적 서비스를 위한 경로 생성 알고리즘 개발- 실차 테스트 기반 경로 생성 알고리즘 테스트 및 검증']

[자격요건]
['- 기계공학, 전자공학 등 관련 분야 전공자- Linear algebra, 차량 동역학, 최적화이론에 대한 전공지식- C++, Python 숙련자']

[우대사항]
['- A*, Hybrid A*, MPC 등 경로 생성 알고리즘 개발 경험- 실차 플랜트 대상 경로 생성 알고리즘 개발 및 파라미터 튜닝 경험- 석사이상인 경우 전문연구요원 복무 가능']

[기타사항]
['']","신입/경력
대학원 석사졸업","서울 
정규직, 병역특례",온라인지원
,"백엔드 개발 및 인프라 관리
											




IT/정보통신 > 웹프로그래머 > JAVA/JSP",주식회사 한길에이치씨,2025-05-11,,,https://www.rndjob.or.kr/info/sp_eview01.asp?gno=00169366&page=3>ype=&sfield=>xt=&catecd=&areacd=&bizcd=&schoolcd=&careercd=&empcd=&gcnt=&ste=&agecd=,"[담당업무]
['* 직무내용- 해당 직무는 주로 실제 운영중인 IOT 모니터링 서버를 유지보수 및 개발을 하며 ASP.NET 기반으로 운영중인 전용 웹을 관리함. 기존 배포되어 사용되고 있는 어플리케이션(안드로이드, IOS)를 각 운영체제 스토어에서 지속적으로 제공될 수 있도록 버전을 관리함. 사내 전반적인 IT 인프라 관리와 더불어 실 운영중인 IDC 서버와 온프레미스 방식의 개발서버를 관리함.8 담당업무- 전자정부프레임워크(eGovFramework 3.6.0) 사용 서버 개발 및 관리- ASP.NET 기반 웹 유지보수 및 관리- 안드로이드(Kotlin) 및 IOS 어플리케이션(Swift) 버전 관리- IDC 서버 관리 및 개발용 온프레미스 서버 관리- 사내용 IT 인프라 관리- 개발팀 문서 관리']

[자격요건]
['* 자격요건- Java 언어 활용 경험자']

[우대사항]
['* 우대사항- Kotlin, ASP.NET, Ubuntu 를 경험하고 활용 가능한 자- 영어로 간단한 커뮤니케이션이 가능한 자']

[기타사항]
['']","무관
대학원 석사졸업","경기 
병역특례",온라인지원
,"2025년도 마크로젠 정밀의학연구소 전문연구요원 채용
											




연구개발 > 생명/유전공학 > 생명공학, 유전공학",(주)마크로젠,2025-05-30,,,https://www.rndjob.or.kr/info/sp_eview01.asp?gno=00169333&page=3>ype=&sfield=>xt=&catecd=&areacd=&bizcd=&schoolcd=&careercd=&empcd=&gcnt=&ste=&agecd=,"[담당업무]
['안녕하세요. 저희 마크로젠 정밀의학연구소는 기업부설연구소로서, 정부 출연 과제를 기반으로 암 바이오마커 및 유전체 정보를 구축하고 있습니다.또한, 노인성 질병 관련 바이오마커 개발을 통해 진단 시약을 개발하고 있으며, 비의료기관 중 국내 최초로 바이오뱅크(인체유래물은행) 개설 허가와,인체유래물은행에 기탁된 샘플을 확인, 보관, 분양하고 있습니다. 다양한 데이터를 수집 및 분석하여 개인 맞춤형 질병 예방과 치료 연구를 진행하고 있습니다.최근 마크로젠은 K-DNA(국가통합바이오빅데이터구축사업) 과제 수주, 삼성전자와 유전체 데이터 기반 헬스케어 서비스의 연구개발과 사업화를 체결하며 삼성헬스에 젠톡 플랫폼을 탑재하였습니다.국내외 최고 수준의 의료진 및 연구진과의 파트너십을 강화하고, 첨단 유전체 분석 기술과 병원 임상 연구 체계를 활용하여 환자 맞춤형 의학 서비스 개발과 기초 연구에새로운 모멘텀을 만들어갈 열정적인 인재를 찾고 있습니다. 많은 관심과 지원 부탁드립니다.담당업무 - NGS, Array data 분석- 마크로젠 Bioinformatics(생물정보학) 및 프로그램 개발 업무 수행- 정부출연연구과제 추가 지원- 인체유래물은행 정보？보안 관리 등 연구소 DATA 관리']

[자격요건]
['- 자연계(생명과학 관련) 석사 이상 학위 취득자 [`25년도 전문연구요원 신규 편입 대상자]- 생물학 기반의 실험 및 데이터 분석 가능자']

[우대사항]
['- 인체유래물은행 경험자- NGS 실험 가능자- 세포배양 가능자- 영어가능자']

[기타사항]
['현재 저희 마크로젠 정밀의학연구소는 서울시 금천구 벚꽃로 254, 10층 마크로젠 가산지놈센터(본사)에 위치하고 있습니다.2026년 마크로젠 송도 캠퍼스를 준비 중으로 추후 마크로젠 가산지놈센터(본사) 이전에 맞춰 이동 예정입니다.']","신입
대학원 석사졸업","서울 인천 
병역특례",온라인지원
,"[KOG기술연구소] 전문연구요원 모집
											




IT/정보통신 > 게임 > 클라이언트게임개발, 게임 기획, 롤플레잉",코그,2025-12-26,,,https://www.rndjob.or.kr/info/sp_eview01.asp?gno=00169311&page=3>ype=&sfield=>xt=&catecd=&areacd=&bizcd=&schoolcd=&careercd=&empcd=&gcnt=&ste=&agecd=,"[담당업무]
['']

[자격요건]
['']

[우대사항]
['']

[기타사항]
['']","무관
대학원 석사졸업","대구 
병역특례",홈페이지지원
,"[피플앤드테크놀러지] AI연구소 연구원 채용 (전문연구요원 총괄배정)
											




IT/정보통신 > 응용프로그래머 > C/C++",(주)피플앤드테크놀러지,2025-05-31,,,https://www.rndjob.or.kr/info/sp_eview01.asp?gno=00169249&page=3>ype=&sfield=>xt=&catecd=&areacd=&bizcd=&schoolcd=&careercd=&empcd=&gcnt=&ste=&agecd=,"[담당업무]
['- Vision 및 기타 센서기반 DL/ML AI모델링 연구/설계/구현- 데이터 가공, 관리 설계/구현 (MLops)- ML/DL 모델/솔루션 테스트, 분석- Edge AI 솔루션 개발- 모빌리티 모델 관리 업무- 기타 연구개발 업무']

[자격요건]
['']

[우대사항]
['']

[기타사항]
['']","신입/경력
대학원 석사졸업","서울 
병역특례",온라인지원
,"멀티모달 AI 엔지니어 채용
											




IT/정보통신 > 전산/IT기술지원 > S/W 엔지니어",주식회사 로민,2025-05-31,,,https://www.rndjob.or.kr/info/sp_eview01.asp?gno=00167767&page=3>ype=&sfield=>xt=&catecd=&areacd=&bizcd=&schoolcd=&careercd=&empcd=&gcnt=&ste=&agecd=,"[담당업무]
['- 정형/비정형 문서의 인식 모델 개발- AI 엔진 성능 향상을 위한 딥러닝 모델 개발- 딥러닝 모델 serving을 위한 변환 및 최적화- 모델 성능 개선 및 관리- 주요 스택 : Python, Pytorch, Tensorflow, OpenCV, HuggingFace, Triton']

[자격요건]
['- 머신러닝 관련 개발/연구 경험을 갖고 계신 분 중 전문연구요원 신규편입 또는 전직이 가능하신 분- 아래 내용에 대한 지식, 논문 작성 경험 및 논문 구현 능력이 있는 분    - 컴퓨터비전    - 자연어처리    - 딥러닝 / 머신러닝- 팀 리딩이 가능하신 분- 본인이 구현한 코드, 업무의 진행 상황 및 결과 등을 정확하고 체계적으로 문서화할 수 있는 능력이 있는 분- 이공계(전공 무관) 학사 이상이신 분다양한 분야의 연구 경험 보유자로, 각 연구에 대한 본인의 Contribution, 연구 내용, 문제점 도출, 해결에 따른 결과물 등을 잘 표현해 주시면 더욱 좋습니다. 또한, 이 과정에서 어려움과 문제 해결을 하는 방식 및 지적 호기심을 보여주시면 더욱 좋습니다.']

[우대사항]
['- 아래 연구 분야에 대한 지식 및 경험이 있는 분    - <x-<x-object Detection / Recognition / Segmentation    - Multi modality (Image, Text 등)    - Sequence labeling    - Text segmentation    - Multi modality(Image, Text 등) 기반 머신러닝 알고리즘- 아래 내용에 대한 경험이 있으신 분    - SW 개발 리딩 경험    - SaaS 서비스 또는 자체 프로덕트 개발 사이클 전반의 경험- AI / 머신러닝 관련 대회 참가 경험이 있는 분- AI / 머신러닝 관련 국제학술대회에 논문을 게재한 경험이 있는 분- 관련 분야 박사학위 이상을 소지하신 분']

[기타사항]
['- 로민 문화 및 현직자 인터뷰 : https://www.lomin.ai/lomin-culture- 로민 Recruiter LinkedIn : https://www.linkedin.com/in/byunghyunso/']","신입/경력
대학원 석사졸업","서울 
정규직, 병역특례",온라인지원
,"[전문연구요원] 연구소 인력 (정규직)
											




연구개발 > 기계/금속/자동차 > 기계설계, 메카트로닉스",(주)고영테크놀러지,2025-04-30,,,https://www.rndjob.or.kr/info/sp_eview01.asp?gno=00169211&page=3>ype=&sfield=>xt=&catecd=&areacd=&bizcd=&schoolcd=&careercd=&empcd=&gcnt=&ste=&agecd=,"[담당업무]
['']

[자격요건]
['']

[우대사항]
['']

[기타사항]
['']","신입/경력
대학원 석사졸업","경기 
병역특례",홈페이지지원
,"(주)스템온 전문연구요원 모집
											




연구개발 > 바이오/제약/식품 > 바이오",주식회사 스템온,2025-12-31,,,https://www.rndjob.or.kr/info/sp_eview01.asp?gno=00169207&page=3>ype=&sfield=>xt=&catecd=&areacd=&bizcd=&schoolcd=&careercd=&empcd=&gcnt=&ste=&agecd=,"[담당업무]
['엑소좀 기반 치료제 개발제품 개발 및 제품 유효성 평가효력시험 모델 개발 및 비임상 시험 시험법 개발 및 분석국책과제 수행 및 관리']

[자격요건]
['전문연구요원 편입 가능자']

[우대사항]
['바이오의약품 MoA 연구 경험자엑소좀 유경험자영어 및 문서 작성 능통자']

[기타사항]
['']","신입/경력
대학원 석사졸업","경기 
병역특례",이메일지원
,"CMOS 공정 PLL 회로 설계 엔지니어 채용
											




연구개발 > 전자/반도체 > 전자회로, IC설계, 회로설계",그릿씨아이씨,2025-12-31,,,https://www.rndjob.or.kr/info/sp_eview01.asp?gno=00169123&page=4>ype=&sfield=>xt=&catecd=&areacd=&bizcd=&schoolcd=&careercd=&empcd=&gcnt=&ste=&agecd=,"[담당업무]
['- CMOS 공정을 활용한 고성능 PLL(Phase Locked Loop) 설계 - All Digital PLL, Sub-sampling PLL 회로 설계- PLL Architecture 설계 및 검증- 팀 협업을 통한 신규 제품 개발']

[자격요건]
['- 학력: 전자, 전파 공학 등 관련 학과 학사 이상- 경력: 경력 무관']

[우대사항]
['- 반도체 회로설계 관련 전공 석사 및 박사 졸업자 또는 경력자- 반도체 칩 설계, 레이아웃, MPW 제작, 측정 유경험자- Cadence Matlab 등 설계 검증 tool 능통자']

[기타사항]
['시스템반도체 팹리스 기업인 그릿씨아이씨는 최첨단 UWB Radar 센서 기술을 선도하고 있습니다. 지속 가능한 열정과 의식적인 노력을 통해 그릿씨아이씨의 구성원들이 성장하고, 이를 통해 고객이 만족할 수 있는 제품을 제공하는 것을 목표로 2017년 창업하였습니다. 최근 사업 확장에 따라 CMOS 공정을 기반으로 한 고성능 PLL 회로 설계 경험이 있는 엔지니어를 찾고 있습니다.']","무관
대학원","서울 
병역특례",온라인지원
,"인공지능 머신비전 전문 인재 채용
											




연구개발 > 기타 연구개발/기술/생산 > 기타 연구개발/기술/생산",(주)파인브이티,2025-12-31,,,https://www.rndjob.or.kr/info/sp_eview01.asp?gno=00167517&page=4>ype=&sfield=>xt=&catecd=&areacd=&bizcd=&schoolcd=&careercd=&empcd=&gcnt=&ste=&agecd=,"[담당업무]
['딥러닝 및 머신러닝 등 학습 데이터 처리, 인공지능 알고리즘 기반 머신비전 영상 처리 연구']

[자격요건]
['- 석사 학위 이상 취득자']

[우대사항]
['- 딥러닝 및 머신 러닝 등 학습 데이타 처리 가능자 우대- 인공지능 알고리즘 개발 가능자 우대- 파이썬, 파이터치 등 언어 사용자 우대- 영상처리 알고리즘 이해자 우대']

[기타사항]
['']","무관
대학원 석사졸업","경기 
병역특례",온라인지원
